entity_id,canonical_name,verdict,applicable_sections,standalone_candidates,richness,uniqueness_classes,reasons,verdict_override
notionhq-notion-mcp-server,@notionhq/notion-mcp-server,enrich,install; configuration; api_key; docker; client_compat; editorial_assessment; health_signals,,11,computed; editorial; tool; verified,"already live — add newly-earned sections, don't duplicate",
ai-smithery-ilyagusev-academia-mcp,ai.smithery/IlyaGusev-academia_mcp,enrich,install; configuration; api_key; docker; remote_connection; client_compat; health_signals,,11,computed; tool; verified,"already live — add newly-earned sections, don't duplicate",
ai-explorium-mcp-explorium,ai.explorium/mcp-explorium,enrich,install; configuration; api_key; docker; remote_connection; client_compat; health_signals,,11,computed; tool; verified,"already live — add newly-earned sections, don't duplicate",
io-github-cyanheads-usaspending-mcp-server,io.github.cyanheads/usaspending-mcp-server,enrich,install; configuration; api_key; docker; remote_connection; client_compat; health_signals,,11,computed; tool; verified,"already live — add newly-earned sections, don't duplicate",
io-github-cyanheads-faostat-mcp-server,io.github.cyanheads/faostat-mcp-server,enrich,install; configuration; api_key; docker; remote_connection; client_compat; health_signals,,11,computed; tool; verified,"already live — add newly-earned sections, don't duplicate",
ai-verifox-email-verifier,ai.verifox/email-verifier,enrich,install; configuration; api_key; docker; remote_connection; client_compat; health_signals,,11,computed; tool; verified,"already live — add newly-earned sections, don't duplicate",
firecrawl-mcp-server,firecrawl-mcp-server,enrich,install; configuration; api_key; client_compat; editorial_assessment; health_signals,,10,computed; editorial; tool; verified,"already live — add newly-earned sections, don't duplicate",
ai-klavis-strata,ai.klavis/strata,enrich,install; api_key; docker; remote_connection; client_compat; health_signals,,10,computed; tool; verified,"already live — add newly-earned sections, don't duplicate",
ai-smithery-hustcc-mcp-mermaid,ai.smithery/hustcc-mcp-mermaid,enrich,install; configuration; docker; remote_connection; client_compat; health_signals,,10,computed; tool; verified,"already live — add newly-earned sections, don't duplicate",
ai-ankimcp-anki-mcp-server,ai.ankimcp/anki-mcp-server,enrich,install; configuration; api_key; client_compat; editorial_assessment; health_signals,,10,computed; editorial; tool; verified,"already live — add newly-earned sections, don't duplicate",
shopify-mcp,shopify-mcp,enrich,install; configuration; api_key; client_compat; editorial_assessment; health_signals,,10,computed; editorial; tool; verified,"already live — add newly-earned sections, don't duplicate",
app-crawlie-crawlie,app.crawlie/crawlie,enrich,install; configuration; api_key; remote_connection; client_compat; health_signals,,10,computed; tool; verified,"already live — add newly-earned sections, don't duplicate",
ai-smithery-infranodus-mcp-server-infranodus,ai.smithery/infranodus-mcp-server-infranodus,enrich,install; configuration; api_key; remote_connection; client_compat; health_signals,,10,computed; tool; verified,"already live — add newly-earned sections, don't duplicate",
ch-opencaselaw-swiss-caselaw,ch.opencaselaw/swiss-caselaw,enrich,install; configuration; api_key; remote_connection; client_compat; health_signals,,10,computed; tool; verified,"already live — add newly-earned sections, don't duplicate",
ai-smithery-xinkuang-china-stock-mcp,ai.smithery/xinkuang-china-stock-mcp,enrich,install; configuration; docker; remote_connection; client_compat; health_signals,,10,computed; tool; verified,"already live — add newly-earned sections, don't duplicate",
ai-smithery-truss44-mcp-crypto-price,ai.smithery/truss44-mcp-crypto-price,enrich,install; configuration; api_key; remote_connection; client_compat; health_signals,,10,computed; tool; verified,"already live — add newly-earned sections, don't duplicate",
ai-smithery-hithereiamaliff-mcp-nextcloud,ai.smithery/hithereiamaliff-mcp-nextcloud,enrich,install; configuration; api_key; remote_connection; client_compat; health_signals,,10,computed; tool; verified,"already live — add newly-earned sections, don't duplicate",
app-thoughtspot-mcp-server,app.thoughtspot/mcp-server,enrich,install; configuration; api_key; remote_connection; client_compat; health_signals,,10,computed; tool; verified,"already live — add newly-earned sections, don't duplicate",
ai-smithery-linkupplatform-linkup-mcp-server,ai.smithery/LinkupPlatform-linkup-mcp-server,enrich,install; configuration; api_key; remote_connection; client_compat; health_signals,,10,computed; tool; verified,"already live — add newly-earned sections, don't duplicate",
ai-byteask-embedded-docs,ai.byteask/embedded-docs,enrich,install; configuration; api_key; remote_connection; client_compat; health_signals,,10,computed; tool; verified,"already live — add newly-earned sections, don't duplicate",
com-run402-mcp,com.run402/mcp,enrich,install; configuration; api_key; remote_connection; client_compat; health_signals,,10,computed; tool; verified,"already live — add newly-earned sections, don't duplicate",
ai-foura-mcp,ai.foura/mcp,enrich,install; configuration; api_key; remote_connection; client_compat; health_signals,,10,computed; tool; verified,"already live — add newly-earned sections, don't duplicate",
ai-oobeprotocol-sap-mcp-sap-mcp,ai.oobeprotocol.sap.mcp/sap-mcp,enrich,install; configuration; api_key; remote_connection; client_compat; health_signals,,10,computed; tool; verified,"already live — add newly-earned sections, don't duplicate",
ai-posteverywhere-mcp,ai.posteverywhere/mcp,enrich,install; configuration; api_key; remote_connection; client_compat; health_signals,,10,computed; tool; verified,"already live — add newly-earned sections, don't duplicate",
ai-ravenmcp-raven-mcp,ai.ravenmcp/raven-mcp,enrich,install; configuration; api_key; remote_connection; client_compat; health_signals,,10,computed; tool; verified,"already live — add newly-earned sections, don't duplicate",
ai-tuteliq-mcp,ai.tuteliq/mcp,enrich,install; configuration; api_key; remote_connection; client_compat; health_signals,,10,computed; tool; verified,"already live — add newly-earned sections, don't duplicate",
bid-scope-claims,bid.scope/claims,enrich,install; configuration; api_key; remote_connection; client_compat; health_signals,,10,computed; tool; verified,"already live — add newly-earned sections, don't duplicate",
bid-scope-legal,bid.scope/legal,enrich,install; configuration; api_key; remote_connection; client_compat; health_signals,,10,computed; tool; verified,"already live — add newly-earned sections, don't duplicate",
io-github-forcedreamai-mcp-server,io.github.forcedreamai/mcp-server,enrich,install; configuration; api_key; remote_connection; client_compat; health_signals,,10,computed; tool; verified,"already live — add newly-earned sections, don't duplicate",
io-github-cyanheads-arxiv-mcp-server,io.github.cyanheads/arxiv-mcp-server,enrich,install; configuration; docker; remote_connection; client_compat; health_signals,,10,computed; tool; verified,"already live — add newly-earned sections, don't duplicate",
ai-keenable-web-search,ai.keenable/web-search,enrich,install; configuration; api_key; remote_connection; client_compat; health_signals,,10,computed; tool; verified,"already live — add newly-earned sections, don't duplicate",
ai-tensorfeed-mcp-server,ai.tensorfeed/mcp-server,enrich,install; configuration; api_key; remote_connection; client_compat; health_signals,,10,computed; tool; verified,"already live — add newly-earned sections, don't duplicate",
io-github-jyswee-secretcarousel,io.github.jyswee/secretcarousel,enrich,install; configuration; api_key; remote_connection; client_compat; health_signals,,10,computed; tool; verified,"already live — add newly-earned sections, don't duplicate",
io-github-speakai-mcp-server,io.github.speakai/mcp-server,enrich,install; configuration; api_key; remote_connection; client_compat; health_signals,,10,computed; tool; verified,"already live — add newly-earned sections, don't duplicate",
ai-chronary-mcp,ai.chronary/mcp,enrich,install; configuration; api_key; remote_connection; client_compat; health_signals,,10,computed; tool; verified,"already live — add newly-earned sections, don't duplicate",
ai-pullpush-pullpush-mcp,ai.pullpush/pullpush-mcp,enrich,install; configuration; api_key; remote_connection; client_compat; health_signals,,10,computed; tool; verified,"already live — add newly-earned sections, don't duplicate",
app-cleanor-cleanor,app.cleanor/cleanor,enrich,install; configuration; api_key; remote_connection; client_compat; health_signals,,10,computed; tool; verified,"already live — add newly-earned sections, don't duplicate",
app-miromiro-miromiro,app.miromiro/miromiro,enrich,install; configuration; api_key; remote_connection; client_compat; health_signals,,10,computed; tool; verified,"already live — add newly-earned sections, don't duplicate",
app-worldmonitor-mcp,app.worldmonitor/mcp,enrich,install; api_key; remote_connection; client_compat; health_signals,,9,computed; tool; verified,"already live — add newly-earned sections, don't duplicate",
supabase-mcp-server-supabase,@supabase/mcp-server-supabase,enrich,install; configuration; client_compat; editorial_assessment; health_signals,,9,computed; editorial; tool; verified,"already live — add newly-earned sections, don't duplicate",
elastic-mcp-server-elasticsearch,@elastic/mcp-server-elasticsearch,enrich,install; configuration; api_key; docker; client_compat; health_signals,,9,computed; tool; verified,"already live — add newly-earned sections, don't duplicate",
airtable-mcp-server,airtable-mcp-server,enrich,install; api_key; client_compat; editorial_assessment; health_signals,,9,computed; editorial; tool; verified,"already live — add newly-earned sections, don't duplicate",
ai-smithery-zwldarren-akshare-one-mcp,ai.smithery/zwldarren-akshare-one-mcp,enrich,install; configuration; remote_connection; client_compat; health_signals,,9,computed; tool; verified,"already live — add newly-earned sections, don't duplicate",
io-github-fkiene-llmtrim,io.github.fkiene/llmtrim,enrich,install; configuration; api_key; docker; client_compat; health_signals,,9,computed; tool; verified,"already live — add newly-earned sections, don't duplicate",
io-github-pxyup-fitter,io.github.PxyUp/fitter,enrich,install; configuration; api_key; docker; client_compat; health_signals,,9,computed; tool; verified,"already live — add newly-earned sections, don't duplicate",
ai-smithery-pinkpixel-dev-web-scout-mcp,ai.smithery/pinkpixel-dev-web-scout-mcp,enrich,install; configuration; remote_connection; client_compat; health_signals,,9,computed; tool; verified,"already live — add newly-earned sections, don't duplicate",
dart-mcp-server,dart-mcp-server,enrich,install; configuration; api_key; docker; client_compat; health_signals,,9,computed; tool; verified,"already live — add newly-earned sections, don't duplicate",
ac-tandem-docs-mcp,ac.tandem/docs-mcp,enrich,install; api_key; remote_connection; client_compat; health_signals,,9,computed; tool; verified,"already live — add newly-earned sections, don't duplicate",
ai-maximem-synap,ai.maximem/synap,enrich,install; api_key; remote_connection; client_compat; health_signals,,9,computed; tool; verified,"already live — add newly-earned sections, don't duplicate",
io-github-mikkoparkkola-mcp-gateway,io.github.MikkoParkkola/mcp-gateway,enrich,install; configuration; api_key; docker; client_compat; health_signals,,9,computed; tool; verified,"already live — add newly-earned sections, don't duplicate",
io-github-zscaler-zscaler-mcp-server,io.github.zscaler/zscaler-mcp-server,enrich,install; configuration; api_key; docker; client_compat; health_signals,,9,computed; tool; verified,"already live — add newly-earned sections, don't duplicate",
ai-smithery-leghis-smart-thinking,ai.smithery/Leghis-smart-thinking,enrich,install; api_key; remote_connection; client_compat; health_signals,,9,computed; tool; verified,"already live — add newly-earned sections, don't duplicate",
ai-vaaya-mcp,ai.vaaya/mcp,enrich,install; configuration; remote_connection; client_compat; health_signals,,9,computed; tool; verified,"already live — add newly-earned sections, don't duplicate",
io-github-sarveshsea-memi,io.github.sarveshsea/memi,enrich,install; configuration; api_key; docker; client_compat; health_signals,,9,computed; tool; verified,"already live — add newly-earned sections, don't duplicate",
io-github-oaslananka-easyeda-mcp-pro,io.github.oaslananka/easyeda-mcp-pro,enrich,install; configuration; api_key; docker; client_compat; health_signals,,9,computed; tool; verified,"already live — add newly-earned sections, don't duplicate",
ai-sleepwalker-sleepwalker,ai.sleepwalker/sleepwalker,enrich,install; api_key; remote_connection; client_compat; health_signals,,9,computed; tool; verified,"already live — add newly-earned sections, don't duplicate",
io-github-leonting1010-tap,io.github.LeonTing1010/tap,enrich,install; configuration; remote_connection; client_compat; health_signals,,9,computed; tool; verified,"already live — add newly-earned sections, don't duplicate",
io-github-mikeypetrillo-agent402,io.github.MikeyPetrillo/agent402,enrich,install; api_key; remote_connection; client_compat; health_signals,,9,computed; tool; verified,"already live — add newly-earned sections, don't duplicate",
io-github-thotischner-observability-mcp,io.github.ThoTischner/observability-mcp,enrich,install; configuration; api_key; docker; client_compat; health_signals,,9,computed; tool; verified,"already live — add newly-earned sections, don't duplicate",
ai-dinglebear-apprise-rmcp,ai.dinglebear/apprise-rmcp,enrich,install; configuration; api_key; docker; client_compat; health_signals,,9,computed; tool; verified,"already live — add newly-earned sections, don't duplicate",
app-scfcontrolsplatform-mcp-server-scf,app.scfcontrolsplatform/mcp-server-scf,enrich,install; configuration; api_key; docker; client_compat; health_signals,,9,computed; tool; verified,"already live — add newly-earned sections, don't duplicate",
com-x402-list-x402-list-mcp,com.x402-list/x402-list-mcp,enrich,install; configuration; remote_connection; client_compat; health_signals,,9,computed; tool; verified,"already live — add newly-earned sections, don't duplicate",
io-github-yummybait-fin-uniswap-tx-builder-mcp,io.github.Yummybait-fin/uniswap-tx-builder-mcp,enrich,install; configuration; api_key; docker; client_compat; health_signals,,9,computed; tool; verified,"already live — add newly-earned sections, don't duplicate",
modelcontextprotocol-server-filesystem,@modelcontextprotocol/server-filesystem,enrich,install; client_compat; editorial_assessment; health_signals,,8,computed; editorial; tool; verified,"already live — add newly-earned sections, don't duplicate",
modelcontextprotocol-server-memory,@modelcontextprotocol/server-memory,enrich,install; client_compat; editorial_assessment; health_signals,,8,computed; editorial; tool; verified,"already live — add newly-earned sections, don't duplicate",
modelcontextprotocol-server-fetch,@modelcontextprotocol/server-fetch,enrich,install; client_compat; editorial_assessment; health_signals,,8,computed; editorial; tool; verified,"already live — add newly-earned sections, don't duplicate",
modelcontextprotocol-server-sequential-thinking,@modelcontextprotocol/server-sequential-thinking,enrich,install; client_compat; editorial_assessment; health_signals,,8,computed; editorial; tool; verified,"already live — add newly-earned sections, don't duplicate",
upstash-context7-mcp,@upstash/context7-mcp,enrich,install; client_compat; editorial_assessment; health_signals,,8,computed; editorial; tool; verified,"already live — add newly-earned sections, don't duplicate",
playwright-mcp,@playwright/mcp,enrich,install; client_compat; editorial_assessment; health_signals,,8,computed; editorial; tool; verified,"already live — add newly-earned sections, don't duplicate",
ai-com-mcp-skills-search,ai.com.mcp/skills-search,enrich,install; remote_connection; client_compat; health_signals,,8,computed; tool; verified,"already live — add newly-earned sections, don't duplicate",
figma-developer-mcp,figma-developer-mcp,enrich,install; client_compat; editorial_assessment; health_signals,,8,computed; editorial; tool; verified,"already live — add newly-earned sections, don't duplicate",
ai-com-mcp-registry,ai.com.mcp/registry,enrich,install; remote_connection; client_compat; health_signals,,8,computed; tool; verified,"already live — add newly-earned sections, don't duplicate",
21st-dev-magic,@21st-dev/magic,enrich,install; configuration; api_key; client_compat; health_signals,,8,computed; tool; verified,"already live — add newly-earned sections, don't duplicate",
exa-mcp-server,exa-mcp-server,enrich,install; client_compat; editorial_assessment; health_signals,,8,computed; editorial; tool; verified,"already live — add newly-earned sections, don't duplicate",
ai-exa-exa,ai.exa/exa,enrich,install; remote_connection; client_compat; health_signals,,8,computed; tool; verified,"already live — add newly-earned sections, don't duplicate",
tavily-mcp,tavily-mcp,enrich,install; client_compat; editorial_assessment; health_signals,,8,computed; editorial; tool; verified,"already live — add newly-earned sections, don't duplicate",
stripe-mcp,@stripe/mcp,enrich,install; client_compat; editorial_assessment; health_signals,,8,computed; editorial; tool; verified,"already live — add newly-earned sections, don't duplicate",
mcp-server-kubernetes,mcp-server-kubernetes,enrich,install; configuration; docker; client_compat; health_signals,,8,computed; tool; verified,"already live — add newly-earned sections, don't duplicate",
brave-brave-search-mcp-server,@brave/brave-search-mcp-server,enrich,install; client_compat; editorial_assessment; health_signals,,8,computed; editorial; tool; verified,"already live — add newly-earned sections, don't duplicate",
ai-smithery-brave,ai.smithery/brave,enrich,install; remote_connection; client_compat; health_signals,,8,computed; tool; verified,"already live — add newly-earned sections, don't duplicate",
ai-smithery-ref-tools-ref-tools-mcp,ai.smithery/ref-tools-ref-tools-mcp,enrich,install; remote_connection; client_compat; health_signals,,8,computed; tool; verified,"already live — add newly-earned sections, don't duplicate",
meta-ads-mcp,meta-ads-mcp,enrich,install; configuration; api_key; client_compat; health_signals,,8,computed; tool; verified,"already live — add newly-earned sections, don't duplicate",
mongodb-mcp-server,mongodb-mcp-server,enrich,install; client_compat; editorial_assessment; health_signals,,8,computed; editorial; tool; verified,"already live — add newly-earned sections, don't duplicate",
ai-smithery-chir24-unreal-mcp,ai.smithery/ChiR24-unreal_mcp,enrich,install; remote_connection; client_compat; health_signals,,8,computed; tool; verified,"already live — add newly-earned sections, don't duplicate",
ai-smithery-chir24-unreal-mcp-server,ai.smithery/ChiR24-unreal_mcp_server,enrich,install; remote_connection; client_compat; health_signals,,8,computed; tool; verified,"already live — add newly-earned sections, don't duplicate",
sentry-mcp,sentry-mcp,enrich,install; client_compat; editorial_assessment; health_signals,,8,computed; editorial; tool; verified,"already live — add newly-earned sections, don't duplicate",
resend-mcp,resend-mcp,enrich,install; configuration; api_key; client_compat; health_signals,,8,computed; tool; verified,"already live — add newly-earned sections, don't duplicate",
dev-emisar-emisar,dev.emisar/emisar,enrich,install; remote_connection; client_compat; health_signals,,8,computed; tool; verified,"already live — add newly-earned sections, don't duplicate",
com-zapier-mcp,com.zapier/mcp,enrich,install; remote_connection; client_compat; health_signals,,8,computed; tool; verified,"already live — add newly-earned sections, don't duplicate",
ai-packmind-mcp-server,ai.packmind/mcp-server,enrich,install; remote_connection; client_compat; health_signals,,8,computed; tool; verified,"already live — add newly-earned sections, don't duplicate",
ai-smithery-jjlabsio-korea-stock-mcp,ai.smithery/jjlabsio-korea-stock-mcp,enrich,install; remote_connection; client_compat; health_signals,,8,computed; tool; verified,"already live — add newly-earned sections, don't duplicate",
io-github-marcellm01-tinysearch,io.github.MarcellM01/tinysearch,enrich,install; configuration; api_key; client_compat; health_signals,,8,computed; tool; verified,"already live — add newly-earned sections, don't duplicate",
mcp-server-datadog,mcp-server-datadog,enrich,install; configuration; api_key; client_compat; health_signals,,8,computed; tool; verified,"already live — add newly-earned sections, don't duplicate",
ai-smithery-oxylabs-oxylabs-mcp,ai.smithery/oxylabs-oxylabs-mcp,enrich,install; remote_connection; client_compat; health_signals,,8,computed; tool; verified,"already live — add newly-earned sections, don't duplicate",
io-github-mldsveda-pyscrappy,io.github.mldsveda/pyscrappy,enrich,install; configuration; api_key; client_compat; health_signals,,8,computed; tool; verified,"already live — add newly-earned sections, don't duplicate",
ai-smithery-scrapegraphai-scrapegraph-mcp,ai.smithery/ScrapeGraphAI-scrapegraph-mcp,enrich,install; remote_connection; client_compat; health_signals,,8,computed; tool; verified,"already live — add newly-earned sections, don't duplicate",
ai-smithery-yuna0x0-anilist-mcp,ai.smithery/yuna0x0-anilist-mcp,enrich,install; remote_connection; client_compat; health_signals,,8,computed; tool; verified,"already live — add newly-earned sections, don't duplicate",
heroku-mcp-server,@heroku/mcp-server,enrich,install; configuration; api_key; client_compat; health_signals,,8,computed; tool; verified,"already live — add newly-earned sections, don't duplicate",
io-github-nameetp-pdfmux,io.github.NameetP/pdfmux,enrich,install; configuration; api_key; client_compat; health_signals,,8,computed; tool; verified,"already live — add newly-earned sections, don't duplicate",
pinecone-database-mcp,@pinecone-database/mcp,enrich,install; configuration; api_key; client_compat; health_signals,,8,computed; tool; verified,"already live — add newly-earned sections, don't duplicate",
ai-smithery-kesslerio-attio-mcp-server,ai.smithery/kesslerio-attio-mcp-server,enrich,install; remote_connection; client_compat; health_signals,,8,computed; tool; verified,"already live — add newly-earned sections, don't duplicate",
ai-smithery-kesslerio-attio-mcp-server-beta,ai.smithery/kesslerio-attio-mcp-server-beta,enrich,install; remote_connection; client_compat; health_signals,,8,computed; tool; verified,"already live — add newly-earned sections, don't duplicate",
ai-smithery-yuna0x0-hackmd-mcp,ai.smithery/yuna0x0-hackmd-mcp,enrich,install; remote_connection; client_compat; health_signals,,8,computed; tool; verified,"already live — add newly-earned sections, don't duplicate",
io-github-psyb0t-stealthy-auto-browse,io.github.psyb0t/stealthy-auto-browse,enrich,install; api_key; docker; client_compat; health_signals,,8,computed; tool; verified,"already live — add newly-earned sections, don't duplicate",
app-tradeit-mcp,app.tradeit/mcp,enrich,install; remote_connection; client_compat; health_signals,,8,computed; tool; verified,"already live — add newly-earned sections, don't duplicate",
ai-smithery-kkjdaniel-bgg-mcp,ai.smithery/kkjdaniel-bgg-mcp,enrich,install; remote_connection; client_compat; health_signals,,8,computed; tool; verified,"already live — add newly-earned sections, don't duplicate",
paddle-paddle-mcp,@paddle/paddle-mcp,enrich,install; configuration; api_key; client_compat; health_signals,,8,computed; tool; verified,"already live — add newly-earned sections, don't duplicate",
ai-mcpcap-mcpcap,ai.mcpcap/mcpcap,enrich,install; configuration; docker; client_compat; health_signals,,8,computed; tool; verified,"already live — add newly-earned sections, don't duplicate",
io-github-raymondchins-agentmap,io.github.raymondchins/agentmap,enrich,install; configuration; api_key; client_compat; health_signals,,8,computed; tool; verified,"already live — add newly-earned sections, don't duplicate",
io-github-sandeepbazar-ocm-mcp-server,io.github.sandeepbazar/ocm-mcp-server,enrich,install; configuration; docker; client_compat; health_signals,,8,computed; tool; verified,"already live — add newly-earned sections, don't duplicate",
io-github-frowningdev-django-orm-lens,io.github.FROWNINGdev/django-orm-lens,enrich,install; configuration; docker; client_compat; health_signals,,8,computed; tool; verified,"already live — add newly-earned sections, don't duplicate",
ai-smithery-blockscout-mcp-server,ai.smithery/blockscout-mcp-server,enrich,install; remote_connection; client_compat; health_signals,,8,computed; tool; verified,"already live — add newly-earned sections, don't duplicate",
io-github-dorukardahan-domain-search-mcp,io.github.dorukardahan/domain-search-mcp,enrich,install; configuration; api_key; client_compat; health_signals,,8,computed; tool; verified,"already live — add newly-earned sections, don't duplicate",
ai-smithery-kirbah-mcp-youtube,ai.smithery/kirbah-mcp-youtube,enrich,install; remote_connection; client_compat; health_signals,,8,computed; tool; verified,"already live — add newly-earned sections, don't duplicate",
ai-smithery-hollaugo-financial-research-mcp-server,ai.smithery/hollaugo-financial-research-mcp-server,enrich,install; remote_connection; client_compat; health_signals,,8,computed; tool; verified,"already live — add newly-earned sections, don't duplicate",
io-github-freema-mcp-jira-stdio,io.github.freema/mcp-jira-stdio,enrich,install; configuration; api_key; client_compat; health_signals,,8,computed; tool; verified,"already live — add newly-earned sections, don't duplicate",
app-cellarion-cellarion,app.cellarion/cellarion,enrich,install; remote_connection; client_compat; health_signals,,8,computed; tool; verified,"already live — add newly-earned sections, don't duplicate",
io-github-adewale-agentic-mermaid,io.github.adewale/agentic-mermaid,enrich,install; remote_connection; client_compat; health_signals,,8,computed; tool; verified,"already live — add newly-earned sections, don't duplicate",
io-github-lazyants-lexware,io.github.lazyants/lexware,enrich,install; configuration; api_key; client_compat; health_signals,,8,computed; tool; verified,"already live — add newly-earned sections, don't duplicate",
io-github-chrischall-ofw-mcp,io.github.chrischall/ofw-mcp,enrich,install; configuration; api_key; client_compat; health_signals,,8,computed; tool; verified,"already live — add newly-earned sections, don't duplicate",
ai-snapdiff-mcp,ai.snapdiff/mcp,enrich,install; configuration; api_key; client_compat; health_signals,,8,computed; tool; verified,"already live — add newly-earned sections, don't duplicate",
io-github-zyx77550-sparda-mcp,io.github.zyx77550/sparda-mcp,enrich,install; configuration; api_key; client_compat; health_signals,,8,computed; tool; verified,"already live — add newly-earned sections, don't duplicate",
io-github-contentrain-contentrain,io.github.Contentrain/contentrain,enrich,install; remote_connection; client_compat; health_signals,,8,computed; tool; verified,"already live — add newly-earned sections, don't duplicate",
io-github-grinv-steam-games-mcp,io.github.Grinv/steam-games-mcp,enrich,install; configuration; api_key; client_compat; health_signals,,8,computed; tool; verified,"already live — add newly-earned sections, don't duplicate",
ai-dinglebear-tailscale-rmcp,ai.dinglebear/tailscale-rmcp,enrich,install; configuration; api_key; client_compat; health_signals,,8,computed; tool; verified,"already live — add newly-earned sections, don't duplicate",
ai-dinglebear-yarr-mcp,ai.dinglebear/yarr-mcp,enrich,install; configuration; api_key; client_compat; health_signals,,8,computed; tool; verified,"already live — add newly-earned sections, don't duplicate",
io-github-chrischall-zola-mcp,io.github.chrischall/zola-mcp,enrich,install; configuration; api_key; client_compat; health_signals,,8,computed; tool; verified,"already live — add newly-earned sections, don't duplicate",
ai-dinglebear-unraid-rmcp,ai.dinglebear/unraid-rmcp,enrich,install; configuration; api_key; client_compat; health_signals,,8,computed; tool; verified,"already live — add newly-earned sections, don't duplicate",
io-github-grinv-mal-mcp,io.github.Grinv/mal-mcp,enrich,install; configuration; api_key; client_compat; health_signals,,8,computed; tool; verified,"already live — add newly-earned sections, don't duplicate",
io-github-developerz-ai-ui-debugger-mcp,io.github.developerz-ai/ui-debugger-mcp,enrich,install; configuration; api_key; client_compat; health_signals,,8,computed; tool; verified,"already live — add newly-earned sections, don't duplicate",
ai-cueapi-mcp,ai.cueapi/mcp,enrich,install; configuration; api_key; client_compat; health_signals,,8,computed; tool; verified,"already live — add newly-earned sections, don't duplicate",
io-github-camlowe-mcp-server-reddit-ads,io.github.camlowe/mcp-server-reddit-ads,enrich,install; configuration; api_key; client_compat; health_signals,,8,computed; tool; verified,"already live — add newly-earned sections, don't duplicate",
io-github-chrischall-splitwise-mcp,io.github.chrischall/splitwise-mcp,enrich,install; configuration; api_key; client_compat; health_signals,,8,computed; tool; verified,"already live — add newly-earned sections, don't duplicate",
io-github-jcoulaud-shipmail-mcp,io.github.jcoulaud/shipmail-mcp,enrich,install; configuration; api_key; remote_connection; health_signals,,8,computed; tool,"already live — add newly-earned sections, don't duplicate",
io-github-grinv-anilist-mcp-server,io.github.Grinv/anilist-mcp-server,enrich,install; configuration; api_key; client_compat; health_signals,,8,computed; tool; verified,"already live — add newly-earned sections, don't duplicate",
ai-agenttrust-mcp-server,ai.agenttrust/mcp-server,enrich,install; configuration; api_key; client_compat; health_signals,,8,computed; tool; verified,"already live — add newly-earned sections, don't duplicate",
ai-dinglebear-arcane-rmcp,ai.dinglebear/arcane-rmcp,enrich,install; configuration; api_key; client_compat; health_signals,,8,computed; tool; verified,"already live — add newly-earned sections, don't duplicate",
ai-dinglebear-gotify-rmcp,ai.dinglebear/gotify-rmcp,enrich,install; configuration; api_key; client_compat; health_signals,,8,computed; tool; verified,"already live — add newly-earned sections, don't duplicate",
ai-dinglebear-synapse-rmcp,ai.dinglebear/synapse-rmcp,enrich,install; configuration; api_key; client_compat; health_signals,,8,computed; tool; verified,"already live — add newly-earned sections, don't duplicate",
ai-dinglebear-unifi-rmcp,ai.dinglebear/unifi-rmcp,enrich,install; configuration; api_key; client_compat; health_signals,,8,computed; tool; verified,"already live — add newly-earned sections, don't duplicate",
ai-dinglebear-ytdl-rmcp,ai.dinglebear/ytdl-rmcp,enrich,install; configuration; api_key; client_compat; health_signals,,8,computed; tool; verified,"already live — add newly-earned sections, don't duplicate",
ai-lithtrix-lithtrix-mcp,ai.lithtrix/lithtrix-mcp,enrich,install; configuration; api_key; client_compat; health_signals,,8,computed; tool; verified,"already live — add newly-earned sections, don't duplicate",
io-github-aistoragedepot-admin-aistoragedepot-mcp,io.github.aistoragedepot-admin/aistoragedepot-mcp,enrich,install; configuration; api_key; client_compat; health_signals,,8,computed; tool; verified,"already live — add newly-earned sections, don't duplicate",
com-aioproductos-mcp,com.aioproductos/mcp,enrich,install; remote_connection; client_compat; health_signals,,8,computed; tool; verified,"already live — add newly-earned sections, don't duplicate",
dev-homespun-homespun,dev.homespun/homespun,enrich,install; remote_connection; client_compat; health_signals,,8,computed; tool; verified,"already live — add newly-earned sections, don't duplicate",
io-github-1shizaan-debugai-mcp,io.github.1shizaan/debugai-mcp,enrich,install; configuration; api_key; client_compat; health_signals,,8,computed; tool; verified,"already live — add newly-earned sections, don't duplicate",
io-github-runcycles-cycles-mcp-server,io.github.runcycles/cycles-mcp-server,enrich,install; configuration; api_key; client_compat; health_signals,,8,computed; tool; verified,"already live — add newly-earned sections, don't duplicate",
com-voyagier-cli,com.voyagier/cli,enrich,install; configuration; api_key; client_compat; health_signals,,8,computed; tool; verified,"already live — add newly-earned sections, don't duplicate",
io-github-amitesh-m-wealthville,io.github.amitesh-m/wealthville,enrich,install; remote_connection; client_compat; health_signals,,8,computed; tool; verified,"already live — add newly-earned sections, don't duplicate",
ai-kavel-kavel-mcp,ai.kavel/kavel-mcp,enrich,install; configuration; api_key; client_compat; health_signals,,8,computed; tool; verified,"already live — add newly-earned sections, don't duplicate",
ai-kawacode-mcp,ai.kawacode/mcp,enrich,install; configuration; api_key; client_compat; health_signals,,8,computed; tool; verified,"already live — add newly-earned sections, don't duplicate",
ai-monnet-mcp,ai.monnet/mcp,enrich,install; configuration; api_key; client_compat; health_signals,,8,computed; tool; verified,"already live — add newly-earned sections, don't duplicate",
ai-proxyllm-proxyllm-mcp,ai.proxyllm/proxyllm-mcp,enrich,install; configuration; api_key; client_compat; health_signals,,8,computed; tool; verified,"already live — add newly-earned sections, don't duplicate",
ai-tokonomix-council,ai.tokonomix/council,enrich,install; configuration; api_key; client_compat; health_signals,,8,computed; tool; verified,"already live — add newly-earned sections, don't duplicate",
ai-tradesearcher-mcp-server,ai.tradesearcher/mcp-server,enrich,install; configuration; api_key; client_compat; health_signals,,8,computed; tool; verified,"already live — add newly-earned sections, don't duplicate",
app-trustrails-server,app.trustrails/server,enrich,install; configuration; api_key; client_compat; health_signals,,8,computed; tool; verified,"already live — add newly-earned sections, don't duplicate",
app-uploadcheck-uploadcheck,app.uploadcheck/uploadcheck,enrich,install; configuration; api_key; client_compat; health_signals,,8,computed; tool; verified,"already live — add newly-earned sections, don't duplicate",
mcp-use,mcp-use,enrich,install; configuration; client_compat; health_signals,,7,computed; tool; verified,"already live — add newly-earned sections, don't duplicate",
aws-mcp-server,aws-mcp-server,enrich,configuration; api_key; docker; editorial_assessment; health_signals,,7,computed; editorial,"already live — add newly-earned sections, don't duplicate",
playwriter,playwriter,enrich,install; api_key; client_compat; health_signals,,7,computed; tool; verified,"already live — add newly-earned sections, don't duplicate",
postgres-mcp,postgres-mcp,enrich,configuration; api_key; docker; editorial_assessment; health_signals,,7,computed; editorial,"already live — add newly-earned sections, don't duplicate",
perplexity-mcp,perplexity-mcp,enrich,configuration; api_key; docker; editorial_assessment; health_signals,,7,computed; editorial,"already live — add newly-earned sections, don't duplicate",
io-github-dongdongbh-mindwtr,io.github.dongdongbh/mindwtr,enrich,install; api_key; client_compat; health_signals,,7,computed; tool; verified,"already live — add newly-earned sections, don't duplicate",
drawio-mcp-server,drawio-mcp-server,enrich,install; configuration; client_compat; health_signals,,7,computed; tool; verified,"already live — add newly-earned sections, don't duplicate",
io-github-ludo-technologies-pyscn,io.github.ludo-technologies/pyscn,enrich,install; configuration; client_compat; health_signals,,7,computed; tool; verified,"already live — add newly-earned sections, don't duplicate",
powerbi-modeling-mcp,powerbi-modeling-mcp,enrich,install; api_key; client_compat; health_signals,,7,computed; tool; verified,"already live — add newly-earned sections, don't duplicate",
puppeteer-mcp-server,puppeteer-mcp-server,enrich,install; configuration; client_compat; health_signals,,7,computed; tool; verified,"already live — add newly-earned sections, don't duplicate",
io-github-domdomegg-airtable-mcp-server,io.github.domdomegg/airtable-mcp-server,enrich,install; api_key; client_compat; health_signals,,7,computed; tool; verified,"already live — add newly-earned sections, don't duplicate",
paypal-mcp,@paypal/mcp,enrich,install; api_key; client_compat; health_signals,,7,computed; tool; verified,"already live — add newly-earned sections, don't duplicate",
ai-toolprint-hypertool-mcp,ai.toolprint/hypertool-mcp,enrich,install; configuration; client_compat; health_signals,,7,computed; tool; verified,"already live — add newly-earned sections, don't duplicate",
ai-adeu-adeu,ai.adeu/adeu,enrich,install; configuration; client_compat; health_signals,,7,computed; tool; verified,"already live — add newly-earned sections, don't duplicate",
mcp-hubspot,mcp-hubspot,enrich,configuration; api_key; docker; editorial_assessment; health_signals,,7,computed; editorial,"already live — add newly-earned sections, don't duplicate",
ai-haymon-database,ai.haymon/database,enrich,install; configuration; client_compat; health_signals,,7,computed; tool; verified,"already live — add newly-earned sections, don't duplicate",
ai-haymon-dbmcp,ai.haymon/dbmcp,enrich,install; configuration; client_compat; health_signals,,7,computed; tool; verified,"already live — add newly-earned sections, don't duplicate",
io-github-domdomegg-gmail-mcp,io.github.domdomegg/gmail-mcp,enrich,install; api_key; client_compat; health_signals,,7,computed; tool; verified,"already live — add newly-earned sections, don't duplicate",
capital-hove-read-only-local-mysql-mcp-server,capital.hove/read-only-local-mysql-mcp-server,enrich,install; configuration; client_compat; health_signals,,7,computed; tool; verified,"already live — add newly-earned sections, don't duplicate",
io-github-patchloom-patchloom,io.github.patchloom/patchloom,enrich,install; api_key; client_compat; health_signals,,7,computed; tool; verified,"already live — add newly-earned sections, don't duplicate",
ai-imboard-dossier,ai.imboard/dossier,enrich,install; configuration; client_compat; health_signals,,7,computed; tool; verified,"already live — add newly-earned sections, don't duplicate",
io-github-cbetz-last-ehr,io.github.cbetz/last-ehr,enrich,install; api_key; client_compat; health_signals,,7,computed; tool; verified,"already live — add newly-earned sections, don't duplicate",
capital-hove-read-only-local-postgres-mcp-server,capital.hove/read-only-local-postgres-mcp-server,enrich,install; configuration; client_compat; health_signals,,7,computed; tool; verified,"already live — add newly-earned sections, don't duplicate",
io-github-labelgrid-labelgrid-mcp,io.github.labelgrid/labelgrid-mcp,enrich,install; api_key; client_compat; health_signals,,7,computed; tool; verified,"already live — add newly-earned sections, don't duplicate",
io-github-caelum29-calibre-mcp,io.github.caelum29/calibre-mcp,enrich,install; configuration; client_compat; health_signals,,7,computed; tool; verified,"already live — add newly-earned sections, don't duplicate",
ai-tensorfeed-x402-base-mcp,ai.tensorfeed/x402-base-mcp,enrich,install; configuration; client_compat; health_signals,,7,computed; tool; verified,"already live — add newly-earned sections, don't duplicate",
io-github-nugehs-repoctx,io.github.nugehs/repoctx,enrich,install; configuration; client_compat; health_signals,,7,computed; tool; verified,"already live — add newly-earned sections, don't duplicate",
io-github-chrischall-honeybook-mcp,io.github.chrischall/honeybook-mcp,enrich,install; configuration; client_compat; health_signals,,7,computed; tool; verified,"already live — add newly-earned sections, don't duplicate",
io-github-commet-argus-decision-mcp,io.github.commet/argus-decision-mcp,enrich,install; api_key; client_compat; health_signals,,7,computed; tool; verified,"already live — add newly-earned sections, don't duplicate",
ai-dinglebear-labby,ai.dinglebear/labby,enrich,install; api_key; client_compat; health_signals,,7,computed; tool; verified,"already live — add newly-earned sections, don't duplicate",
app-undisk-mcp-stdio-proxy,app.undisk.mcp/stdio-proxy,enrich,install; api_key; client_compat; health_signals,,7,computed; tool; verified,"already live — add newly-earned sections, don't duplicate",
build-uplink-uplink,build.uplink/uplink,enrich,install; configuration; client_compat; health_signals,,7,computed; tool; verified,"already live — add newly-earned sections, don't duplicate",
io-github-bourbondog-amicus,io.github.BourbonDog/amicus,enrich,install; api_key; client_compat; health_signals,,7,computed; tool; verified,"already live — add newly-earned sections, don't duplicate",
io-github-chrischall-tock-mcp,io.github.chrischall/tock-mcp,enrich,install; configuration; client_compat; health_signals,,7,computed; tool; verified,"already live — add newly-earned sections, don't duplicate",
ai-shipeasy-mcp,ai.shipeasy/mcp,enrich,install; configuration; client_compat; health_signals,,7,computed; tool; verified,"already live — add newly-earned sections, don't duplicate",
io-github-colossal1598-ship-mcp,io.github.colossal1598/ship-mcp,enrich,install; configuration; client_compat; health_signals,,7,computed; tool; verified,"already live — add newly-earned sections, don't duplicate",
io-github-abhishekjkrsna-swapi-mcp,io.github.abhishekjkrsna/swapi-mcp,enrich,install; configuration; client_compat; health_signals,,7,computed; tool; verified,"already live — add newly-earned sections, don't duplicate",
io-github-thomenz-brmarket-mcp,io.github.thomenz/brmarket-mcp,enrich,install; configuration; client_compat; health_signals,,7,computed; tool; verified,"already live — add newly-earned sections, don't duplicate",
io-github-thomenz-brdata-mcp,io.github.thomenz/brdata-mcp,enrich,install; configuration; client_compat; health_signals,,7,computed; tool; verified,"already live — add newly-earned sections, don't duplicate",
ai-clize-clize,ai.clize/clize,enrich,install; api_key; client_compat; health_signals,,7,computed; tool; verified,"already live — add newly-earned sections, don't duplicate",
ai-justdrop-mcp,ai.justdrop/mcp,enrich,install; configuration; client_compat; health_signals,,7,computed; tool; verified,"already live — add newly-earned sections, don't duplicate",
modelcontextprotocol-server-everything,@modelcontextprotocol/server-everything,enrich,install; client_compat; health_signals,,6,computed; tool; verified,"already live — add newly-earned sections, don't duplicate",
chrome-devtools-mcp,chrome-devtools-mcp,enrich,install; client_compat; health_signals,,6,computed; tool; verified,"already live — add newly-earned sections, don't duplicate",
codebase-memory-mcp,codebase-memory-mcp,enrich,install; client_compat; health_signals,,6,computed; tool; verified,"already live — add newly-earned sections, don't duplicate",
io-github-screenpipe-screenpipe-mcp,io.github.screenpipe/screenpipe-mcp,enrich,install; client_compat; health_signals,,6,computed; tool; verified,"already live — add newly-earned sections, don't duplicate",
io-github-googleapis-mcp-toolbox,io.github.googleapis/mcp-toolbox,enrich,install; client_compat; health_signals,,6,computed; tool; verified,"already live — add newly-earned sections, don't duplicate",
xcodebuildmcp,XcodeBuildMCP,enrich,install; client_compat; health_signals,,6,computed; tool; verified,"already live — add newly-earned sections, don't duplicate",
linkedin-mcp-server,linkedin-mcp-server,enrich,configuration; docker; editorial_assessment; health_signals,,6,computed; editorial,"already live — add newly-earned sections, don't duplicate",
shadcn-ui-mcp-server,shadcn-ui-mcp-server,enrich,api_key; docker; editorial_assessment; health_signals,,6,computed; editorial,"already live — add newly-earned sections, don't duplicate",
apify-mcp-server,apify-mcp-server,enrich,install; client_compat; health_signals,,6,computed; tool; verified,"already live — add newly-earned sections, don't duplicate",
mcp-server-mysql,mcp-server-mysql,enrich,configuration; api_key; editorial_assessment; health_signals,,6,computed; editorial,"already live — add newly-earned sections, don't duplicate",
mcp-server-qdrant,mcp-server-qdrant,enrich,api_key; docker; editorial_assessment; health_signals,,6,computed; editorial,"already live — add newly-earned sections, don't duplicate",
mcp-handler,mcp-handler,enrich,install; client_compat; health_signals,,6,computed; tool; verified,"already live — add newly-earned sections, don't duplicate",
io-github-shafthq-shaft-mcp,io.github.ShaftHQ/shaft-mcp,enrich,install; client_compat; health_signals,,6,computed; tool; verified,"already live — add newly-earned sections, don't duplicate",
io-github-willyfh-visualtorch,io.github.willyfh/visualtorch,enrich,install; client_compat; health_signals,,6,computed; tool; verified,"already live — add newly-earned sections, don't duplicate",
servicenow-mcp,servicenow-mcp,enrich,configuration; api_key; editorial_assessment; health_signals,,6,computed; editorial,"already live — add newly-earned sections, don't duplicate",
dataforseo-mcp-server,dataforseo-mcp-server,enrich,install; client_compat; health_signals,,6,computed; tool; verified,"already live — add newly-earned sections, don't duplicate",
io-github-microsoft-awesome-copilot,io.github.microsoft/awesome-copilot,enrich,install; client_compat; health_signals,,6,computed; tool; verified,"already live — add newly-earned sections, don't duplicate",
mcp-wordpress-remote,mcp-wordpress-remote,enrich,configuration; api_key; editorial_assessment; health_signals,,6,computed; editorial,"already live — add newly-earned sections, don't duplicate",
io-github-devantler-tech-ksail,io.github.devantler-tech/ksail,enrich,install; client_compat; health_signals,,6,computed; tool; verified,"already live — add newly-earned sections, don't duplicate",
webflow-mcp-server,webflow-mcp-server,enrich,install; client_compat; health_signals,,6,computed; tool; verified,"already live — add newly-earned sections, don't duplicate",
twilio-mcp,twilio-mcp,enrich,configuration; api_key; editorial_assessment; health_signals,,6,computed; editorial,"already live — add newly-earned sections, don't duplicate",
io-github-oaslananka-kicad-mcp-pro,io.github.oaslananka/kicad-mcp-pro,enrich,install; client_compat; health_signals,,6,computed; tool; verified,"already live — add newly-earned sections, don't duplicate",
ai-aliengiraffe-spotdb,ai.aliengiraffe/spotdb,enrich,install; client_compat; health_signals,,6,computed; tool; verified,"already live — add newly-earned sections, don't duplicate",
io-github-nekzus-npm-sentinel-mcp,io.github.Nekzus/npm-sentinel-mcp,enrich,install; client_compat; health_signals,,6,computed; tool; verified,"already live — add newly-earned sections, don't duplicate",
io-github-get-tmonier-argot,io.github.get-tmonier/argot,enrich,install; client_compat; health_signals,,6,computed; tool; verified,"already live — add newly-earned sections, don't duplicate",
io-github-ingtian-witness,io.github.IngTian/witness,enrich,install; client_compat; health_signals,,6,computed; tool; verified,"already live — add newly-earned sections, don't duplicate",
ai-buywhere-buywhere-mcp,ai.buywhere/buywhere-mcp,enrich,install; client_compat; health_signals,,6,computed; tool; verified,"already live — add newly-earned sections, don't duplicate",
io-github-yaver-io-yaver,io.github.yaver-io/yaver,enrich,install; client_compat; health_signals,,6,computed; tool; verified,"already live — add newly-earned sections, don't duplicate",
ai-traderouter-trade-router-mcp,ai.traderouter/trade-router-mcp,enrich,install; client_compat; health_signals,,6,computed; tool; verified,"already live — add newly-earned sections, don't duplicate",
ai-trustysquire-trusty-squire,ai.trustysquire/trusty-squire,enrich,install; client_compat; health_signals,,6,computed; tool; verified,"already live — add newly-earned sections, don't duplicate",
ai-dinglebear-cortex-rmcp,ai.dinglebear/cortex-rmcp,enrich,install; client_compat; health_signals,,6,computed; tool; verified,"already live — add newly-earned sections, don't duplicate",
io-github-hrtips-cvx,io.github.hrtips/cvx,enrich,install; client_compat; health_signals,,6,computed; tool; verified,"already live — add newly-earned sections, don't duplicate",
com-playbykey-theory-mcp,com.playbykey/theory-mcp,enrich,install; client_compat; health_signals,,6,computed; tool; verified,"already live — add newly-earned sections, don't duplicate",
io-github-chrischall-gogcli-mcp-sheets,io.github.chrischall/gogcli-mcp-sheets,enrich,install; client_compat; health_signals,,6,computed; tool; verified,"already live — add newly-earned sections, don't duplicate",
io-github-chrischall-gogcli-mcp-docs,io.github.chrischall/gogcli-mcp-docs,enrich,install; client_compat; health_signals,,6,computed; tool; verified,"already live — add newly-earned sections, don't duplicate",
ai-callmcp-server,ai.callmcp/server,enrich,install; client_compat; health_signals,,6,computed; tool; verified,"already live — add newly-earned sections, don't duplicate",
io-github-chrischall-onthecheap-mcp,io.github.chrischall/onthecheap-mcp,enrich,install; client_compat; health_signals,,6,computed; tool; verified,"already live — add newly-earned sections, don't duplicate",
io-github-antohins-seo-tools-mcp-metrika,io.github.antohins/seo-tools-mcp-metrika,enrich,install; client_compat; health_signals,,6,computed; tool; verified,"already live — add newly-earned sections, don't duplicate",
io-github-antohins-seo-tools-mcp-ywm,io.github.antohins/seo-tools-mcp-ywm,enrich,install; client_compat; health_signals,,6,computed; tool; verified,"already live — add newly-earned sections, don't duplicate",
io-github-antohins-seo-tools-mcp-gsc,io.github.antohins/seo-tools-mcp-gsc,enrich,install; client_compat; health_signals,,6,computed; tool; verified,"already live — add newly-earned sections, don't duplicate",
io-github-antohins-seo-tools-mcp-wordstat,io.github.antohins/seo-tools-mcp-wordstat,enrich,install; client_compat; health_signals,,6,computed; tool; verified,"already live — add newly-earned sections, don't duplicate",
io-github-antohins-seo-tools-mcp-xmlriver,io.github.antohins/seo-tools-mcp-xmlriver,enrich,install; client_compat; health_signals,,6,computed; tool; verified,"already live — add newly-earned sections, don't duplicate",
io-github-antohins-seo-tools-mcp-xmlstock,io.github.antohins/seo-tools-mcp-xmlstock,enrich,install; client_compat; health_signals,,6,computed; tool; verified,"already live — add newly-earned sections, don't duplicate",
io-github-prismnetwork-tech-mcp,io.github.prismnetwork-tech/mcp,enrich,install; client_compat; health_signals,,6,computed; tool; verified,"already live — add newly-earned sections, don't duplicate",
ai-bolthub-mcp,ai.bolthub/mcp,enrich,install; client_compat; health_signals,,6,computed; tool; verified,"already live — add newly-earned sections, don't duplicate",
ai-certscore-mcp,ai.certscore/mcp,enrich,install; client_compat; health_signals,,6,computed; tool; verified,"already live — add newly-earned sections, don't duplicate",
n8n-mcp,n8n-mcp,enrich,api_key; editorial_assessment; health_signals,,5,computed; editorial,"already live — add newly-earned sections, don't duplicate",
google-analytics-mcp,google-analytics-mcp,enrich,configuration; editorial_assessment; health_signals,,5,computed; editorial,"already live — add newly-earned sections, don't duplicate",
slack-mcp-server,slack-mcp-server,enrich,api_key; editorial_assessment; health_signals,,5,computed; editorial,"already live — add newly-earned sections, don't duplicate",
github-github-mcp-server,@github/github-mcp-server,enrich,editorial_assessment; health_signals,,4,computed; editorial,"already live — add newly-earned sections, don't duplicate",
unity-mcp,unity-mcp,enrich,editorial_assessment; health_signals,,4,computed; editorial,"already live — add newly-earned sections, don't duplicate",
cloudflare-mcp-server-cloudflare,@cloudflare/mcp-server-cloudflare,enrich,editorial_assessment; health_signals,,4,computed; editorial,"already live — add newly-earned sections, don't duplicate",
microsoft-mcp,microsoft-mcp,enrich,editorial_assessment; health_signals,,4,computed; editorial,"already live — add newly-earned sections, don't duplicate",
mcp-grafana,mcp-grafana,enrich,editorial_assessment; health_signals,,4,computed; editorial,"already live — add newly-earned sections, don't duplicate",
gitlab-mcp,gitlab-mcp,enrich,editorial_assessment; health_signals,,4,computed; editorial,"already live — add newly-earned sections, don't duplicate",
atlassian-mcp-server,atlassian-mcp-server,enrich,editorial_assessment; health_signals,,4,computed; editorial,"already live — add newly-earned sections, don't duplicate",
vercel-mcp,vercel-mcp,enrich,editorial_assessment; health_signals,,4,computed; editorial,"already live — add newly-earned sections, don't duplicate",
dbt-mcp,dbt-mcp,enrich,editorial_assessment; health_signals,,4,computed; editorial,"already live — add newly-earned sections, don't duplicate",
snowflake-mcp,snowflake-mcp,enrich,editorial_assessment; health_signals,,4,computed; editorial,"already live — add newly-earned sections, don't duplicate",
wenyan-mcp,wenyan-mcp,merge,configuration; api_key; docker; health_signals,,5,computed,uniqueness classes ['computed'] < 2 of 5 — template-fillable only; add verification/editorial/tool/feedback or fold into a hub,
jupyter-mcp-server,jupyter-mcp-server,merge,configuration; api_key; docker; health_signals,,5,computed,uniqueness classes ['computed'] < 2 of 5 — template-fillable only; add verification/editorial/tool/feedback or fold into a hub,
mcpjungle,MCPJungle,merge,configuration; api_key; docker; health_signals,,5,computed,uniqueness classes ['computed'] < 2 of 5 — template-fillable only; add verification/editorial/tool/feedback or fold into a hub,
yargi-mcp,yargi-mcp,merge,configuration; api_key; docker; health_signals,,5,computed,uniqueness classes ['computed'] < 2 of 5 — template-fillable only; add verification/editorial/tool/feedback or fold into a hub,
redis-mcp-redis,@redis/mcp-redis,merge,configuration; api_key; docker; health_signals,,5,computed,uniqueness classes ['computed'] < 2 of 5 — template-fillable only; add verification/editorial/tool/feedback or fold into a hub,
weather-mcp-server,weather-mcp-server,merge,configuration; api_key; docker; health_signals,,5,computed,uniqueness classes ['computed'] < 2 of 5 — template-fillable only; add verification/editorial/tool/feedback or fold into a hub,
blender-mcp,blender-mcp,merge,configuration; api_key; health_signals,,4,computed,uniqueness classes ['computed'] < 2 of 5 — template-fillable only; add verification/editorial/tool/feedback or fold into a hub,
mcp-atlassian,mcp-atlassian,merge,configuration; api_key; health_signals,,4,computed,uniqueness classes ['computed'] < 2 of 5 — template-fillable only; add verification/editorial/tool/feedback or fold into a hub,
mcp-obsidian,mcp-obsidian,merge,configuration; api_key; health_signals,,4,computed,uniqueness classes ['computed'] < 2 of 5 — template-fillable only; add verification/editorial/tool/feedback or fold into a hub,
elevenlabs-elevenlabs-mcp,@elevenlabs/elevenlabs-mcp,merge,configuration; api_key; health_signals,,4,computed,uniqueness classes ['computed'] < 2 of 5 — template-fillable only; add verification/editorial/tool/feedback or fold into a hub,
deepwiki-mcp,deepwiki-mcp,merge,configuration; docker; health_signals,,4,computed,uniqueness classes ['computed'] < 2 of 5 — template-fillable only; add verification/editorial/tool/feedback or fold into a hub,
telegram-mcp,telegram-mcp,merge,configuration; docker; health_signals,,4,computed,uniqueness classes ['computed'] < 2 of 5 — template-fillable only; add verification/editorial/tool/feedback or fold into a hub,
mcp-cli,mcp-cli,merge,configuration; api_key; health_signals,,4,computed,uniqueness classes ['computed'] < 2 of 5 — template-fillable only; add verification/editorial/tool/feedback or fold into a hub,
cve-mcp-server,cve-mcp-server,merge,configuration; api_key; health_signals,,4,computed,uniqueness classes ['computed'] < 2 of 5 — template-fillable only; add verification/editorial/tool/feedback or fold into a hub,
jina-mcp,jina-mcp,merge,configuration; api_key; health_signals,,4,computed,uniqueness classes ['computed'] < 2 of 5 — template-fillable only; add verification/editorial/tool/feedback or fold into a hub,
hyperbrowser-mcp,@hyperbrowser/mcp,merge,configuration; api_key; health_signals,,4,computed,uniqueness classes ['computed'] < 2 of 5 — template-fillable only; add verification/editorial/tool/feedback or fold into a hub,
cloud-run-mcp,cloud-run-mcp,merge,configuration; docker; health_signals,,4,computed,uniqueness classes ['computed'] < 2 of 5 — template-fillable only; add verification/editorial/tool/feedback or fold into a hub,
mcp-server-neon,mcp-server-neon,merge,configuration; api_key; health_signals,,4,computed,uniqueness classes ['computed'] < 2 of 5 — template-fillable only; add verification/editorial/tool/feedback or fold into a hub,
spotify-mcp,spotify-mcp,merge,configuration; api_key; health_signals,,4,computed,uniqueness classes ['computed'] < 2 of 5 — template-fillable only; add verification/editorial/tool/feedback or fold into a hub,
mcp-server-youtube-transcript,mcp-server-youtube-transcript,merge,configuration; api_key; health_signals,,4,computed,uniqueness classes ['computed'] < 2 of 5 — template-fillable only; add verification/editorial/tool/feedback or fold into a hub,
todoist-mcp,todoist-mcp,merge,configuration; api_key; health_signals,,4,computed,uniqueness classes ['computed'] < 2 of 5 — template-fillable only; add verification/editorial/tool/feedback or fold into a hub,
django-mcp-server,django-mcp-server,merge,configuration; api_key; health_signals,,4,computed,uniqueness classes ['computed'] < 2 of 5 — template-fillable only; add verification/editorial/tool/feedback or fold into a hub,
xero-mcp-server,xero-mcp-server,merge,configuration; api_key; health_signals,,4,computed,uniqueness classes ['computed'] < 2 of 5 — template-fillable only; add verification/editorial/tool/feedback or fold into a hub,
quickbooks-online-mcp-server,quickbooks-online-mcp-server,merge,configuration; api_key; health_signals,,4,computed,uniqueness classes ['computed'] < 2 of 5 — template-fillable only; add verification/editorial/tool/feedback or fold into a hub,
kite-mcp-server,kite-mcp-server,merge,configuration; api_key; health_signals,,4,computed,uniqueness classes ['computed'] < 2 of 5 — template-fillable only; add verification/editorial/tool/feedback or fold into a hub,
hf-mcp-server,hf-mcp-server,merge,api_key; docker; health_signals,,4,computed,uniqueness classes ['computed'] < 2 of 5 — template-fillable only; add verification/editorial/tool/feedback or fold into a hub,
mcp-solver,mcp-solver,merge,configuration; api_key; health_signals,,4,computed,uniqueness classes ['computed'] < 2 of 5 — template-fillable only; add verification/editorial/tool/feedback or fold into a hub,
mcp-server-asana,mcp-server-asana,merge,configuration; api_key; health_signals,,4,computed,uniqueness classes ['computed'] < 2 of 5 — template-fillable only; add verification/editorial/tool/feedback or fold into a hub,
zendesk-mcp-server,zendesk-mcp-server,merge,configuration; docker; health_signals,,4,computed,uniqueness classes ['computed'] < 2 of 5 — template-fillable only; add verification/editorial/tool/feedback or fold into a hub,
square-mcp-server,square-mcp-server,merge,configuration; api_key; health_signals,,4,computed,uniqueness classes ['computed'] < 2 of 5 — template-fillable only; add verification/editorial/tool/feedback or fold into a hub,
vantage-mcp-server,vantage-mcp-server,merge,configuration; api_key; health_signals,,4,computed,uniqueness classes ['computed'] < 2 of 5 — template-fillable only; add verification/editorial/tool/feedback or fold into a hub,
ai-ankimcp-anki-mcp-server-addon,ai.ankimcp/anki-mcp-server-addon,merge,configuration; api_key; health_signals,,4,computed,uniqueness classes ['computed'] < 2 of 5 — template-fillable only; add verification/editorial/tool/feedback or fold into a hub,
netlify-mcp,netlify-mcp,merge,configuration; api_key; health_signals,,4,computed,uniqueness classes ['computed'] < 2 of 5 — template-fillable only; add verification/editorial/tool/feedback or fold into a hub,
git-mcp,git-mcp,merge,configuration; health_signals,,3,computed,uniqueness classes ['computed'] < 2 of 5 — template-fillable only; add verification/editorial/tool/feedback or fold into a hub,
excalidraw-mcp,excalidraw-mcp,merge,configuration; health_signals,,3,computed,uniqueness classes ['computed'] < 2 of 5 — template-fillable only; add verification/editorial/tool/feedback or fold into a hub,
godot-mcp,godot-mcp,merge,configuration; health_signals,,3,computed,uniqueness classes ['computed'] < 2 of 5 — template-fillable only; add verification/editorial/tool/feedback or fold into a hub,
ha-mcp,ha-mcp,merge,api_key; health_signals,,3,computed,uniqueness classes ['computed'] < 2 of 5 — template-fillable only; add verification/editorial/tool/feedback or fold into a hub,
excel-mcp-server,excel-mcp-server,merge,configuration; health_signals,,3,computed,uniqueness classes ['computed'] < 2 of 5 — template-fillable only; add verification/editorial/tool/feedback or fold into a hub,
mcp-feedback-enhanced,mcp-feedback-enhanced,merge,configuration; health_signals,,3,computed,uniqueness classes ['computed'] < 2 of 5 — template-fillable only; add verification/editorial/tool/feedback or fold into a hub,
open-mcp-client,open-mcp-client,merge,api_key; health_signals,,3,computed,uniqueness classes ['computed'] < 2 of 5 — template-fillable only; add verification/editorial/tool/feedback or fold into a hub,
mysql-mcp-server,mysql_mcp_server,merge,configuration; health_signals,,3,computed,uniqueness classes ['computed'] < 2 of 5 — template-fillable only; add verification/editorial/tool/feedback or fold into a hub,
cocos-mcp-server,cocos-mcp-server,merge,configuration; health_signals,,3,computed,uniqueness classes ['computed'] < 2 of 5 — template-fillable only; add verification/editorial/tool/feedback or fold into a hub,
12306-mcp,12306-mcp,merge,docker; health_signals,,3,computed,uniqueness classes ['computed'] < 2 of 5 — template-fillable only; add verification/editorial/tool/feedback or fold into a hub,
google-meta-ads-ga4-mcp,google-meta-ads-ga4-mcp,merge,configuration; health_signals,,3,computed,uniqueness classes ['computed'] < 2 of 5 — template-fillable only; add verification/editorial/tool/feedback or fold into a hub,
mcp-server,mcp-server,merge,configuration; health_signals,,3,computed,uniqueness classes ['computed'] < 2 of 5 — template-fillable only; add verification/editorial/tool/feedback or fold into a hub,
mcp-scanner,mcp-scanner,merge,api_key; health_signals,,3,computed,uniqueness classes ['computed'] < 2 of 5 — template-fillable only; add verification/editorial/tool/feedback or fold into a hub,
code-index-mcp,code-index-mcp,merge,configuration; health_signals,,3,computed,uniqueness classes ['computed'] < 2 of 5 — template-fillable only; add verification/editorial/tool/feedback or fold into a hub,
chroma-mcp,chroma-mcp,merge,api_key; health_signals,,3,computed,uniqueness classes ['computed'] < 2 of 5 — template-fillable only; add verification/editorial/tool/feedback or fold into a hub,
mcp-server-airbnb,mcp-server-airbnb,merge,configuration; health_signals,,3,computed,uniqueness classes ['computed'] < 2 of 5 — template-fillable only; add verification/editorial/tool/feedback or fold into a hub,
mcp-selenium,mcp-selenium,merge,configuration; health_signals,,3,computed,uniqueness classes ['computed'] < 2 of 5 — template-fillable only; add verification/editorial/tool/feedback or fold into a hub,
mcp-apple-notes,mcp-apple-notes,merge,configuration; health_signals,,3,computed,uniqueness classes ['computed'] < 2 of 5 — template-fillable only; add verification/editorial/tool/feedback or fold into a hub,
ontobricks,ontobricks,merge,api_key; health_signals,,3,computed,uniqueness classes ['computed'] < 2 of 5 — template-fillable only; add verification/editorial/tool/feedback or fold into a hub,
mcp-confluent,mcp-confluent,merge,api_key; health_signals,,3,computed,uniqueness classes ['computed'] < 2 of 5 — template-fillable only; add verification/editorial/tool/feedback or fold into a hub,
mcp-server-weaviate,mcp-server-weaviate,merge,api_key; health_signals,,3,computed,uniqueness classes ['computed'] < 2 of 5 — template-fillable only; add verification/editorial/tool/feedback or fold into a hub,
io-github-cassette-editor-oh-my-cassette,io.github.Cassette-Editor/oh-my-cassette,merge,api_key; health_signals,,3,computed,uniqueness classes ['computed'] < 2 of 5 — template-fillable only; add verification/editorial/tool/feedback or fold into a hub,
mcp-jenkins,mcp-jenkins,merge,docker; health_signals,,3,computed,uniqueness classes ['computed'] < 2 of 5 — template-fillable only; add verification/editorial/tool/feedback or fold into a hub,
granola-mcp-server,granola-mcp-server,merge,configuration; health_signals,,3,computed,uniqueness classes ['computed'] < 2 of 5 — template-fillable only; add verification/editorial/tool/feedback or fold into a hub,
serena,serena,merge,health_signals,,2,computed,richness 2 from 1 section(s) < 3 — fold into a category/list page instead of a thin standalone,
fastmcp,fastmcp,merge,health_signals,,2,computed,richness 2 from 1 section(s) < 3 — fold into a category/list page instead of a thin standalone,
mcp-toolbox,mcp-toolbox,merge,health_signals,,2,computed,richness 2 from 1 section(s) < 3 — fold into a category/list page instead of a thin standalone,
fastapi-mcp,fastapi_mcp,merge,health_signals,,2,computed,richness 2 from 1 section(s) < 3 — fold into a category/list page instead of a thin standalone,
ida-pro-mcp,ida-pro-mcp,merge,health_signals,,2,computed,richness 2 from 1 section(s) < 3 — fold into a category/list page instead of a thin standalone,
desktopcommandermcp,DesktopCommanderMCP,merge,health_signals,,2,computed,richness 2 from 1 section(s) < 3 — fold into a category/list page instead of a thin standalone,
windows-mcp,Windows-MCP,merge,health_signals,,2,computed,richness 2 from 1 section(s) < 3 — fold into a category/list page instead of a thin standalone,
mobile-mcp,mobile-mcp,merge,health_signals,,2,computed,richness 2 from 1 section(s) < 3 — fold into a category/list page instead of a thin standalone,
mcp-ui,mcp-ui,merge,health_signals,,2,computed,richness 2 from 1 section(s) < 3 — fold into a category/list page instead of a thin standalone,
mcp-server-chart,mcp-server-chart,merge,health_signals,,2,computed,richness 2 from 1 section(s) < 3 — fold into a category/list page instead of a thin standalone,
arxiv-mcp-server,arxiv-mcp-server,merge,health_signals,,2,computed,richness 2 from 1 section(s) < 3 — fold into a category/list page instead of a thin standalone,
azure-devops-mcp,azure-devops-mcp,merge,health_signals,,2,computed,richness 2 from 1 section(s) < 3 — fold into a category/list page instead of a thin standalone,
terraform-mcp-server,terraform-mcp-server,merge,health_signals,,2,computed,richness 2 from 1 section(s) < 3 — fold into a category/list page instead of a thin standalone,
ros-mcp-server,ros-mcp-server,merge,health_signals,,2,computed,richness 2 from 1 section(s) < 3 — fold into a category/list page instead of a thin standalone,
matlab-mcp-server,matlab-mcp-server,merge,health_signals,,2,computed,richness 2 from 1 section(s) < 3 — fold into a category/list page instead of a thin standalone,
mcp-neo4j,mcp-neo4j,merge,health_signals,,2,computed,richness 2 from 1 section(s) < 3 — fold into a category/list page instead of a thin standalone,
clickhouse-mcp-clickhouse,@clickhouse/mcp-clickhouse,merge,health_signals,,2,computed,richness 2 from 1 section(s) < 3 — fold into a category/list page instead of a thin standalone,
mcp-server-motherduck,mcp-server-motherduck,merge,health_signals,,2,computed,richness 2 from 1 section(s) < 3 — fold into a category/list page instead of a thin standalone,
zapier-mcp,zapier-mcp,merge,health_signals,,2,computed,richness 2 from 1 section(s) < 3 — fold into a category/list page instead of a thin standalone,
postman-mcp-server,postman-mcp-server,merge,health_signals,,2,computed,richness 2 from 1 section(s) < 3 — fold into a category/list page instead of a thin standalone,
firebase-mcp,firebase-mcp,merge,health_signals,,2,computed,richness 2 from 1 section(s) < 3 — fold into a category/list page instead of a thin standalone,
dynatrace-mcp,dynatrace-mcp,merge,health_signals,,2,computed,richness 2 from 1 section(s) < 3 — fold into a category/list page instead of a thin standalone,
pagerduty-mcp-server,pagerduty-mcp-server,merge,health_signals,,2,computed,richness 2 from 1 section(s) < 3 — fold into a category/list page instead of a thin standalone,
clickup-mcp-server,clickup-mcp-server,merge,health_signals,,2,computed,richness 2 from 1 section(s) < 3 — fold into a category/list page instead of a thin standalone,
prisma-mcp,prisma-mcp,merge,health_signals,,2,computed,richness 2 from 1 section(s) < 3 — fold into a category/list page instead of a thin standalone,
ai-smithery-isnow890-data4library-mcp,ai.smithery/isnow890-data4library-mcp,noindex,install; configuration; api_key; docker; remote_connection; client_compat; health_signals,,11,computed; tool; verified,lifecycle=stale (registry deletion can mean malware),
ai-smithery-adamamer20-paper-search-mcp-openai,ai.smithery/adamamer20-paper-search-mcp-openai,noindex,install; configuration; api_key; remote_connection; client_compat; health_signals,,10,computed; tool; verified,lifecycle=stale (registry deletion can mean malware),
ai-smithery-hint-services-obsidian-github-mcp,ai.smithery/Hint-Services-obsidian-github-mcp,noindex,install; configuration; api_key; remote_connection; client_compat; health_signals,,10,computed; tool; verified,lifecycle=stale (registry deletion can mean malware),
ai-smithery-kwp-lab-rss-reader-mcp,ai.smithery/kwp-lab-rss-reader-mcp,noindex,install; configuration; docker; remote_connection; client_compat; health_signals,,10,computed; tool; verified,lifecycle=stale (registry deletion can mean malware),
ch-pfx-mcp-server,ch.pfx/mcp-server,noindex,install; configuration; api_key; remote_connection; client_compat; health_signals,,10,computed; tool; verified,lifecycle=stale (registry deletion can mean malware),
ai-smithery-aman-amith-shastry-scientific-computation-mcp,ai.smithery/Aman-Amith-Shastry-scientific_computation_mcp,noindex,install; configuration; api_key; remote_connection; client_compat; health_signals,,10,computed; tool; verified,lifecycle=stale (registry deletion can mean malware),
ai-smithery-artin0123-gemini-image-mcp-server,ai.smithery/Artin0123-gemini-image-mcp-server,noindex,install; configuration; api_key; remote_connection; client_compat; health_signals,,10,computed; tool; verified,lifecycle=stale (registry deletion can mean malware),
ai-parallel-task-mcp,ai.parallel/task-mcp,noindex,install; configuration; remote_connection; client_compat; health_signals,,9,computed; tool; verified,lifecycle=stale (registry deletion can mean malware),
ai-smithery-arjunkmrm-perplexity-search,ai.smithery/arjunkmrm-perplexity-search,noindex,install; api_key; remote_connection; client_compat; health_signals,,9,computed; tool; verified,lifecycle=stale (registry deletion can mean malware),
ai-smithery-samihalawa-whatsapp-go-mcp,ai.smithery/samihalawa-whatsapp-go-mcp,noindex,install; docker; remote_connection; client_compat; health_signals,,9,computed; tool; verified,lifecycle=stale (registry deletion can mean malware),
ai-smithery-leandrogavidia-vechain-mcp-server,ai.smithery/leandrogavidia-vechain-mcp-server,noindex,install; configuration; remote_connection; client_compat; health_signals,,9,computed; tool; verified,lifecycle=stale (registry deletion can mean malware),
ai-smithery-bielacki-igdb-mcp-server,ai.smithery/bielacki-igdb-mcp-server,noindex,install; configuration; remote_connection; client_compat; health_signals,,9,computed; tool; verified,lifecycle=stale (registry deletion can mean malware),
ai-smithery-alex-llm-attack-mcp-server,ai.smithery/alex-llm-attack-mcp-server,noindex,install; docker; remote_connection; client_compat; health_signals,,9,computed; tool; verified,lifecycle=stale (registry deletion can mean malware),
ai-smithery-pinion05-supabase-mcp-lite,ai.smithery/pinion05-supabase-mcp-lite,noindex,install; api_key; remote_connection; client_compat; health_signals,,9,computed; tool; verified,lifecycle=stale (registry deletion can mean malware),
ai-smithery-wgong-sqlite-mcp-server,ai.smithery/wgong-sqlite-mcp-server,noindex,install; api_key; remote_connection; client_compat; health_signals,,9,computed; tool; verified,lifecycle=stale (registry deletion can mean malware),
ai-smithery-danushkumar-v-mcp-discord,ai.smithery/Danushkumar-V-mcp-discord,noindex,install; configuration; api_key; docker; remote_connection; client_compat,,9,computed; tool; verified,lifecycle=stale (registry deletion can mean malware),
ai-smithery-rencosta2025-context7fork,ai.smithery/renCosta2025-context7fork,noindex,install; configuration; api_key; docker; remote_connection; client_compat,,9,computed; tool; verified,lifecycle=stale (registry deletion can mean malware),
ai-zine-mcp,ai.zine/mcp,noindex,install; configuration; api_key; remote_connection; health_signals,,8,computed; tool,lifecycle=stale (registry deletion can mean malware),
ai-waystation-airtable,ai.waystation/airtable,noindex,install; remote_connection; client_compat; health_signals,,8,computed; tool; verified,lifecycle=stale (registry deletion can mean malware),
ai-waystation-gmail,ai.waystation/gmail,noindex,install; remote_connection; client_compat; health_signals,,8,computed; tool; verified,lifecycle=stale (registry deletion can mean malware),
ai-waystation-jira,ai.waystation/jira,noindex,install; remote_connection; client_compat; health_signals,,8,computed; tool; verified,lifecycle=stale (registry deletion can mean malware),
ai-waystation-mcp,ai.waystation/mcp,noindex,install; remote_connection; client_compat; health_signals,,8,computed; tool; verified,lifecycle=stale (registry deletion can mean malware),
ai-waystation-miro,ai.waystation/miro,noindex,install; remote_connection; client_compat; health_signals,,8,computed; tool; verified,lifecycle=stale (registry deletion can mean malware),
ai-waystation-monday,ai.waystation/monday,noindex,install; remote_connection; client_compat; health_signals,,8,computed; tool; verified,lifecycle=stale (registry deletion can mean malware),
ai-waystation-office,ai.waystation/office,noindex,install; remote_connection; client_compat; health_signals,,8,computed; tool; verified,lifecycle=stale (registry deletion can mean malware),
ai-waystation-postgres,ai.waystation/postgres,noindex,install; remote_connection; client_compat; health_signals,,8,computed; tool; verified,lifecycle=stale (registry deletion can mean malware),
ai-waystation-slack,ai.waystation/slack,noindex,install; remote_connection; client_compat; health_signals,,8,computed; tool; verified,lifecycle=stale (registry deletion can mean malware),
ai-waystation-supabase,ai.waystation/supabase,noindex,install; remote_connection; client_compat; health_signals,,8,computed; tool; verified,lifecycle=stale (registry deletion can mean malware),
ai-waystation-teams,ai.waystation/teams,noindex,install; remote_connection; client_compat; health_signals,,8,computed; tool; verified,lifecycle=stale (registry deletion can mean malware),
ai-waystation-wrike,ai.waystation/wrike,noindex,install; remote_connection; client_compat; health_signals,,8,computed; tool; verified,lifecycle=stale (registry deletion can mean malware),
ai-smithery-mfukushim-map-traveler-mcp,ai.smithery/mfukushim-map-traveler-mcp,noindex,install; remote_connection; client_compat; health_signals,,8,computed; tool; verified,lifecycle=stale (registry deletion can mean malware),
ai-smithery-smithery-ai-cookbook-python-quickstart,ai.smithery/smithery-ai-cookbook-python-quickstart,noindex,install; remote_connection; client_compat; health_signals,,8,computed; tool; verified,lifecycle=stale (registry deletion can mean malware),
ai-smithery-smithery-ai-cookbook-ts-smithery-cli,ai.smithery/smithery-ai-cookbook-ts-smithery-cli,noindex,install; remote_connection; client_compat; health_signals,,8,computed; tool; verified,lifecycle=stale (registry deletion can mean malware),
ai-smithery-aicastle-school-openai-api-agent-project,ai.smithery/aicastle-school-openai-api-agent-project,noindex,install; remote_connection; client_compat; health_signals,,8,computed; tool; verified,lifecycle=stale (registry deletion can mean malware),
ai-smithery-aicastle-school-openai-api-agent-project11,ai.smithery/aicastle-school-openai-api-agent-project11,noindex,install; remote_connection; client_compat; health_signals,,8,computed; tool; verified,lifecycle=stale (registry deletion can mean malware),
ai-smithery-serkan-ozal-driflyte-mcp-server,ai.smithery/serkan-ozal-driflyte-mcp-server,noindex,install; remote_connection; client_compat; health_signals,,8,computed; tool; verified,lifecycle=stale (registry deletion can mean malware),
ai-smithery-cryptocultcurt-appfolio-mcp-server,ai.smithery/CryptoCultCurt-appfolio-mcp-server,noindex,install; remote_connection; client_compat; health_signals,,8,computed; tool; verified,lifecycle=stale (registry deletion can mean malware),
ai-smithery-flight505-mcp-dincoder,ai.smithery/flight505-mcp_dincoder,noindex,install; remote_connection; client_compat; health_signals,,8,computed; tool; verified,lifecycle=stale (registry deletion can mean malware),
ai-smithery-bigvik193-reddit-ads-mcp,ai.smithery/BigVik193-reddit-ads-mcp,noindex,install; remote_connection; client_compat; health_signals,,8,computed; tool; verified,lifecycle=stale (registry deletion can mean malware),
ai-smithery-bigvik193-reddit-ads-mcp-test,ai.smithery/BigVik193-reddit-ads-mcp-test,noindex,install; remote_connection; client_compat; health_signals,,8,computed; tool; verified,lifecycle=stale (registry deletion can mean malware),
ai-smithery-metehangzl-pokemcp,ai.smithery/MetehanGZL-pokemcp,noindex,install; remote_connection; client_compat; health_signals,,8,computed; tool; verified,lifecycle=stale (registry deletion can mean malware),
ai-smithery-badroobot-test-m,ai.smithery/BadRooBot-test_m,noindex,install; api_key; docker; remote_connection; client_compat,,8,computed; tool; verified,lifecycle=stale (registry deletion can mean malware),
ai-smithery-bigvik193-reddit-user-mcp,ai.smithery/BigVik193-reddit-user-mcp,noindex,install; configuration; api_key; remote_connection; client_compat,,8,computed; tool; verified,lifecycle=stale (registry deletion can mean malware),
ai-smithery-blacklotusdev8-test-m,ai.smithery/blacklotusdev8-test_m,noindex,install; api_key; docker; remote_connection; client_compat,,8,computed; tool; verified,lifecycle=stale (registry deletion can mean malware),
ai-smithery-cindyloo-dropbox-mcp-server,ai.smithery/cindyloo-dropbox-mcp-server,noindex,install; configuration; api_key; remote_connection; client_compat,,8,computed; tool; verified,lifecycle=stale (registry deletion can mean malware),
ai-smithery-faithk7-gmail-mcp,ai.smithery/faithk7-gmail-mcp,noindex,install; configuration; api_key; remote_connection; client_compat,,8,computed; tool; verified,lifecycle=stale (registry deletion can mean malware),
ai-smithery-felixyifeiwang-felix-mcp-smithery,ai.smithery/FelixYifeiWang-felix-mcp-smithery,noindex,install; configuration; api_key; remote_connection; client_compat,,8,computed; tool; verified,lifecycle=stale (registry deletion can mean malware),
ai-smithery-huuthangntk-claude-vision-mcp-server,ai.smithery/huuthangntk-claude-vision-mcp-server,noindex,install; configuration; api_key; remote_connection; client_compat,,8,computed; tool; verified,lifecycle=stale (registry deletion can mean malware),
ai-smithery-imronai-mcp-server-browserbase,ai.smithery/ImRonAI-mcp-server-browserbase,noindex,install; configuration; api_key; remote_connection; client_compat,,8,computed; tool; verified,lifecycle=stale (registry deletion can mean malware),
ai-smithery-morosss-sdfsdf,ai.smithery/morosss-sdfsdf,noindex,install; configuration; api_key; remote_connection; client_compat,,8,computed; tool; verified,lifecycle=stale (registry deletion can mean malware),
ai-smithery-sebastianall1977-gmail-mcp,ai.smithery/sebastianall1977-gmail-mcp,noindex,install; configuration; api_key; remote_connection; client_compat,,8,computed; tool; verified,lifecycle=stale (registry deletion can mean malware),
ai-smithery-turnono-datacommons-mcp-server,ai.smithery/turnono-datacommons-mcp-server,noindex,install; api_key; docker; remote_connection; client_compat,,8,computed; tool; verified,lifecycle=stale (registry deletion can mean malware),
ai-smithery-aamangeldi-dad-jokes-mcp,ai.smithery/aamangeldi-dad-jokes-mcp,noindex,install; api_key; remote_connection; client_compat,,7,computed; tool; verified,lifecycle=stale (registry deletion can mean malware),
ai-smithery-afgong-sqlite-mcp-server,ai.smithery/afgong-sqlite-mcp-server,noindex,install; api_key; remote_connection; client_compat,,7,computed; tool; verified,lifecycle=stale (registry deletion can mean malware),
ai-smithery-bhushangitfull-file-mcp-smith,ai.smithery/bhushangitfull-file-mcp-smith,noindex,install; api_key; remote_connection; client_compat,,7,computed; tool; verified,lifecycle=stale (registry deletion can mean malware),
ai-smithery-blbl147-xhs-mcp,ai.smithery/blbl147-xhs-mcp,noindex,install; configuration; remote_connection; client_compat,,7,computed; tool; verified,lifecycle=stale (registry deletion can mean malware),
ai-smithery-bowenxu0126-aistudio-hw3,ai.smithery/BowenXU0126-aistudio_hw3,noindex,install; api_key; remote_connection; client_compat,,7,computed; tool; verified,lifecycle=stale (registry deletion can mean malware),
ai-smithery-cc25a-openai-api-agent-project123123123,ai.smithery/cc25a-openai-api-agent-project123123123,noindex,install; api_key; remote_connection; client_compat,,7,computed; tool; verified,lifecycle=stale (registry deletion can mean malware),
ai-smithery-dsharipova-mcp-hw,ai.smithery/dsharipova-mcp-hw,noindex,install; api_key; remote_connection; client_compat,,7,computed; tool; verified,lifecycle=stale (registry deletion can mean malware),
ai-smithery-jekakos-mcp-user-data-enrichment,ai.smithery/jekakos-mcp-user-data-enrichment,noindex,install; configuration; remote_connection; client_compat,,7,computed; tool; verified,lifecycle=stale (registry deletion can mean malware),
ai-smithery-jenniferjiang0511-mit-ai-studio-hw3,ai.smithery/jenniferjiang0511-mit-ai-studio-hw3,noindex,install; api_key; remote_connection; client_compat,,7,computed; tool; verified,lifecycle=stale (registry deletion can mean malware),
ai-smithery-jirispilka-actors-mcp-server,ai.smithery/jirispilka-actors-mcp-server,noindex,install; api_key; remote_connection; client_compat,,7,computed; tool; verified,lifecycle=stale (registry deletion can mean malware),
ai-smithery-junojunhyun-festival-finder-mcp,ai.smithery/JunoJunHyun-festival-finder-mcp,noindex,install; api_key; remote_connection; client_compat,,7,computed; tool; verified,lifecycle=stale (registry deletion can mean malware),
ai-smithery-kim-soung-won-mcp-smithery-exam,ai.smithery/Kim-soung-won-mcp-smithery-exam,noindex,install; api_key; remote_connection; client_compat,,7,computed; tool; verified,lifecycle=stale (registry deletion can mean malware),
ai-smithery-phionx-mcp-hello-server,ai.smithery/Phionx-mcp-hello-server,noindex,install; api_key; remote_connection; client_compat,,7,computed; tool; verified,lifecycle=stale (registry deletion can mean malware),
ai-smithery-shoumikdc-arxiv-mcp,ai.smithery/shoumikdc-arxiv-mcp,noindex,install; api_key; remote_connection; client_compat,,7,computed; tool; verified,lifecycle=stale (registry deletion can mean malware),
ai-smithery-slhad-aha-mcp,ai.smithery/slhad-aha-mcp,noindex,install; api_key; remote_connection; client_compat,,7,computed; tool; verified,lifecycle=stale (registry deletion can mean malware),
ai-smithery-szge-lolwiki-mcp,ai.smithery/szge-lolwiki-mcp,noindex,install; api_key; remote_connection; client_compat,,7,computed; tool; verified,lifecycle=stale (registry deletion can mean malware),
ai-kubit-mcp-server,ai.kubit/mcp-server,noindex,install; remote_connection; client_compat,,6,computed; tool; verified,lifecycle=stale (registry deletion can mean malware),
ai-smithery-akilat-spec-leave-manager-mcp,ai.smithery/akilat-spec-leave-manager-mcp,noindex,install; remote_connection; client_compat,,6,computed; tool; verified,lifecycle=stale (registry deletion can mean malware),
ai-smithery-aryankeluskar-poke-video-mcp,ai.smithery/aryankeluskar-poke-video-mcp,noindex,install; remote_connection; client_compat,,6,computed; tool; verified,lifecycle=stale (registry deletion can mean malware),
ai-smithery-bergeramit-bergeramit-hw3-tech,ai.smithery/bergeramit-bergeramit-hw3-tech,noindex,install; remote_connection; client_compat,,6,computed; tool; verified,lifecycle=stale (registry deletion can mean malware),
ai-smithery-bergeramit-bergeramit-hw3-tech-1,ai.smithery/bergeramit-bergeramit-hw3-tech-1,noindex,install; remote_connection; client_compat,,6,computed; tool; verified,lifecycle=stale (registry deletion can mean malware),
ai-smithery-bigvik193-reddit-ads-mcp-api,ai.smithery/BigVik193-reddit-ads-mcp-api,noindex,install; remote_connection; client_compat,,6,computed; tool; verified,lifecycle=stale (registry deletion can mean malware),
ai-smithery-callmybot-cookbook-mcp-server,ai.smithery/callmybot-cookbook-mcp-server,noindex,install; remote_connection; client_compat,,6,computed; tool; verified,lifecycle=stale (registry deletion can mean malware),
ai-smithery-callmybot-domoticz,ai.smithery/callmybot-domoticz,noindex,install; remote_connection; client_compat,,6,computed; tool; verified,lifecycle=stale (registry deletion can mean malware),
ai-smithery-callmybot-hello-mcp-server,ai.smithery/callmybot-hello-mcp-server,noindex,install; remote_connection; client_compat,,6,computed; tool; verified,lifecycle=stale (registry deletion can mean malware),
ai-smithery-ctaylor86-mcp-video-download-server,ai.smithery/ctaylor86-mcp-video-download-server,noindex,install; remote_connection; client_compat,,6,computed; tool; verified,lifecycle=stale (registry deletion can mean malware),
ai-smithery-cuongpo-coti-mcp,ai.smithery/cuongpo-coti-mcp,noindex,install; remote_connection; client_compat,,6,computed; tool; verified,lifecycle=stale (registry deletion can mean malware),
ai-smithery-cuongpo-coti-mcp-1,ai.smithery/cuongpo-coti-mcp-1,noindex,install; remote_connection; client_compat,,6,computed; tool; verified,lifecycle=stale (registry deletion can mean malware),
ai-smithery-jessicayanwang-test,ai.smithery/jessicayanwang-test,noindex,install; remote_connection; client_compat,,6,computed; tool; verified,lifecycle=stale (registry deletion can mean malware),
ai-smithery-keremurat-json,ai.smithery/keremurat-json,noindex,install; remote_connection; client_compat,,6,computed; tool; verified,lifecycle=stale (registry deletion can mean malware),
ai-smithery-keremurat-jsonmcp,ai.smithery/keremurat-jsonmcp,noindex,install; remote_connection; client_compat,,6,computed; tool; verified,lifecycle=stale (registry deletion can mean malware),
ai-smithery-keremurat-mcp,ai.smithery/keremurat-mcp,noindex,install; remote_connection; client_compat,,6,computed; tool; verified,lifecycle=stale (registry deletion can mean malware),
ai-smithery-kodey-ai-salesforce-mcp,ai.smithery/kodey-ai-salesforce-mcp,noindex,install; remote_connection; client_compat,,6,computed; tool; verified,lifecycle=stale (registry deletion can mean malware),
ai-smithery-kodey-ai-salesforce-mcp-kodey,ai.smithery/kodey-ai-salesforce-mcp-kodey,noindex,install; remote_connection; client_compat,,6,computed; tool; verified,lifecycle=stale (registry deletion can mean malware),
ai-smithery-kodey-ai-salesforce-mcp-minimal,ai.smithery/kodey-ai-salesforce-mcp-minimal,noindex,install; remote_connection; client_compat,,6,computed; tool; verified,lifecycle=stale (registry deletion can mean malware),
ai-smithery-kodey-ai-salesforce-mcp-server,ai.smithery/kodey-ai-salesforce-mcp-server,noindex,install; remote_connection; client_compat,,6,computed; tool; verified,lifecycle=stale (registry deletion can mean malware),
ai-smithery-lineex-pubmed-mcp-smithery,ai.smithery/lineex-pubmed-mcp-smithery,noindex,install; remote_connection; client_compat,,6,computed; tool; verified,lifecycle=stale (registry deletion can mean malware),
ai-smithery-magenie33-quality-dimension-generator,ai.smithery/magenie33-quality-dimension-generator,noindex,install; remote_connection; client_compat,,6,computed; tool; verified,lifecycle=stale (registry deletion can mean malware),
ai-smithery-miguelgarzons-mcp-cun,ai.smithery/miguelgarzons-mcp-cun,noindex,install; remote_connection; client_compat,,6,computed; tool; verified,lifecycle=stale (registry deletion can mean malware),
ai-smithery-mrugankpednekar-bill-splitter-mcp,ai.smithery/mrugankpednekar-bill_splitter_mcp,noindex,install; remote_connection; client_compat,,6,computed; tool; verified,lifecycle=stale (registry deletion can mean malware),
ai-smithery-mrugankpednekar-mcp-optimizer,ai.smithery/mrugankpednekar-mcp-optimizer,noindex,install; remote_connection; client_compat,,6,computed; tool; verified,lifecycle=stale (registry deletion can mean malware),
ai-smithery-pablolec-keyprobe-mcp,ai.smithery/PabloLec-keyprobe-mcp,noindex,install; remote_connection; client_compat,,6,computed; tool; verified,lifecycle=stale (registry deletion can mean malware),
ai-smithery-plainyogurt21-sec-edgar-mcp,ai.smithery/plainyogurt21-sec-edgar-mcp,noindex,install; remote_connection; client_compat,,6,computed; tool; verified,lifecycle=stale (registry deletion can mean malware),
ai-smithery-zhaoganghao-hellomcp,ai.smithery/zhaoganghao-hellomcp,noindex,install; remote_connection; client_compat,,6,computed; tool; verified,lifecycle=stale (registry deletion can mean malware),
ai-smithery-222wcnm-bilistalkermcp,ai.smithery/222wcnm-bilistalkermcp,reject,install; configuration; api_key; docker; remote_connection; client_compat; health_signals,,11,computed; tool; verified,below adoption floor (stars<20 and downloads<100) — candidate pool only,
ai-smithery-saidsef-mcp-github-pr-issue-analyser,ai.smithery/saidsef-mcp-github-pr-issue-analyser,reject,install; configuration; api_key; docker; remote_connection; client_compat; health_signals,,11,computed; tool; verified,below adoption floor (stars<20 and downloads<100) — candidate pool only,
ai-biel-biel-ai,ai.biel/biel-ai,reject,install; configuration; api_key; docker; remote_connection; client_compat; health_signals,,11,computed; tool; verified,below adoption floor (stars<20 and downloads<100) — candidate pool only,
ai-sugra-api-mcp,ai.sugra/api-mcp,reject,install; configuration; api_key; docker; remote_connection; client_compat; health_signals,,11,computed; tool; verified,below adoption floor (stars<20 and downloads<100) — candidate pool only,
ai-groundroute-web-search,ai.groundroute/web-search,reject,install; configuration; api_key; docker; remote_connection; client_compat; health_signals,,11,computed; tool; verified,below adoption floor (stars<20 and downloads<100) — candidate pool only,
br-com-signdocs-mcp-server,br.com.signdocs/mcp-server,reject,install; configuration; api_key; docker; remote_connection; client_compat; health_signals,,11,computed; tool; verified,below adoption floor (stars<20 and downloads<100) — candidate pool only,
ai-smithery-docfork-mcp,ai.smithery/docfork-mcp,reject,install; configuration; api_key; remote_connection; client_compat; health_signals,,10,computed; tool; verified,lifecycle=deprecated (registry deletion can mean malware),
ai-smithery-neverinfamous-memory-journal-mcp,ai.smithery/neverinfamous-memory-journal-mcp,reject,install; configuration; api_key; remote_connection; client_compat; health_signals,,10,computed; tool; verified,below adoption floor (stars<20 and downloads<100) — candidate pool only,
app-himalayas-mcp,app.himalayas/mcp,reject,install; configuration; api_key; remote_connection; client_compat; health_signals,,10,computed; tool; verified,below adoption floor (stars<20 and downloads<100) — candidate pool only,
ai-openarx-openarx,ai.openarx/openarx,reject,install; configuration; api_key; remote_connection; client_compat; health_signals,,10,computed; tool; verified,below adoption floor (stars<20 and downloads<100) — candidate pool only,
ai-mcpanalytics-analytics,ai.mcpanalytics/analytics,reject,install; configuration; api_key; remote_connection; client_compat; health_signals,,10,computed; tool; verified,below adoption floor (stars<20 and downloads<100) — candidate pool only,
ai-drillr-drillr,ai.drillr/drillr,reject,install; configuration; api_key; remote_connection; client_compat; health_signals,,10,computed; tool; verified,below adoption floor (stars<20 and downloads<100) — candidate pool only,
ai-getperspective-mcp,ai.getperspective/mcp,reject,install; configuration; api_key; remote_connection; client_compat; health_signals,,10,computed; tool; verified,below adoption floor (stars<20 and downloads<100) — candidate pool only,
ai-ludo-game-assets,ai.ludo/game-assets,reject,install; configuration; api_key; remote_connection; client_compat; health_signals,,10,computed; tool; verified,below adoption floor (stars<20 and downloads<100) — candidate pool only,
app-octotrip-rental-cars,app.octotrip/rental-cars,reject,install; configuration; api_key; remote_connection; client_compat; health_signals,,10,computed; tool; verified,below adoption floor (stars<20 and downloads<100) — candidate pool only,
app-zooza-mcp-server,app.zooza/mcp-server,reject,install; configuration; api_key; remote_connection; client_compat; health_signals,,10,computed; tool; verified,below adoption floor (stars<20 and downloads<100) — candidate pool only,
ai-smithery-cristianoaredes-mcp-dadosbr,ai.smithery/cristianoaredes-mcp-dadosbr,reject,install; configuration; api_key; remote_connection; client_compat; health_signals,,10,computed; tool; verified,below adoption floor (stars<20 and downloads<100) — candidate pool only,
cc-thecolony-mcp-server,cc.thecolony/mcp-server,reject,install; configuration; api_key; remote_connection; client_compat; health_signals,,10,computed; tool; verified,below adoption floor (stars<20 and downloads<100) — candidate pool only,
ch-entscheidsuche-mcp,ch.entscheidsuche/mcp,reject,install; configuration; api_key; remote_connection; client_compat; health_signals,,10,computed; tool; verified,below adoption floor (stars<20 and downloads<100) — candidate pool only,
ai-spritecook-generate,ai.spritecook/generate,reject,install; configuration; api_key; remote_connection; client_compat; health_signals,,10,computed; tool; verified,below adoption floor (stars<20 and downloads<100) — candidate pool only,
app-octotrip-flights,app.octotrip/flights,reject,install; configuration; api_key; remote_connection; client_compat; health_signals,,10,computed; tool; verified,below adoption floor (stars<20 and downloads<100) — candidate pool only,
dev-dnsdoctor-dns-doctor,dev.dnsdoctor/dns-doctor,reject,install; configuration; api_key; remote_connection; client_compat; health_signals,,10,computed; tool; verified,below adoption floor (stars<20 and downloads<100) — candidate pool only,
ai-flowcastle-flowcastle,ai.flowcastle/flowcastle,reject,install; configuration; api_key; remote_connection; client_compat; health_signals,,10,computed; tool; verified,below adoption floor (stars<20 and downloads<100) — candidate pool only,
ai-lumify-sports-intelligence,ai.lumify/sports-intelligence,reject,install; configuration; api_key; remote_connection; client_compat; health_signals,,10,computed; tool; verified,below adoption floor (stars<20 and downloads<100) — candidate pool only,
ai-magicinsights-insights,ai.magicinsights/insights,reject,install; configuration; api_key; remote_connection; client_compat; health_signals,,10,computed; tool; verified,below adoption floor (stars<20 and downloads<100) — candidate pool only,
ai-maguyva-maguyva,ai.maguyva/maguyva,reject,install; configuration; api_key; remote_connection; client_compat; health_signals,,10,computed; tool; verified,below adoption floor (stars<20 and downloads<100) — candidate pool only,
ai-smithery-mjucius-cozi-mcp,ai.smithery/mjucius-cozi_mcp,reject,install; configuration; api_key; remote_connection; client_compat; health_signals,,10,computed; tool; verified,below adoption floor (stars<20 and downloads<100) — candidate pool only,
ai-smithery-pixdataorg-coderide,ai.smithery/PixdataOrg-coderide,reject,install; configuration; api_key; remote_connection; client_compat; health_signals,,10,computed; tool; verified,below adoption floor (stars<20 and downloads<100) — candidate pool only,
bid-scope-aec,bid.scope/aec,reject,install; configuration; api_key; remote_connection; client_compat; health_signals,,10,computed; tool; verified,below adoption floor (stars<20 and downloads<100) — candidate pool only,
com-dialmcp-dialmcp,com.dialmcp/dialmcp,reject,install; configuration; api_key; remote_connection; client_compat; health_signals,,10,computed; tool; verified,below adoption floor (stars<20 and downloads<100) — candidate pool only,
com-hemmabo-hemmabo-mcp-server,com.hemmabo/hemmabo-mcp-server,reject,install; configuration; api_key; remote_connection; client_compat; health_signals,,10,computed; tool; verified,below adoption floor (stars<20 and downloads<100) — candidate pool only,
ai-anomalyarmor-armor-mcp,ai.anomalyarmor/armor-mcp,reject,install; configuration; api_key; remote_connection; client_compat; health_signals,,10,computed; tool; verified,below adoption floor (stars<20 and downloads<100) — candidate pool only,
ai-diagramzu-mcp,ai.diagramzu/mcp,reject,install; configuration; api_key; remote_connection; client_compat; health_signals,,10,computed; tool; verified,below adoption floor (stars<20 and downloads<100) — candidate pool only,
ai-everway-everway-mcp-server,ai.everway/everway-mcp-server,reject,install; configuration; api_key; remote_connection; client_compat; health_signals,,10,computed; tool; verified,below adoption floor (stars<20 and downloads<100) — candidate pool only,
ai-gavelin-mcp,ai.gavelin/mcp,reject,install; configuration; api_key; remote_connection; client_compat; health_signals,,10,computed; tool; verified,below adoption floor (stars<20 and downloads<100) — candidate pool only,
ai-retrodiffusion-pixel-art,ai.retrodiffusion/pixel-art,reject,install; configuration; api_key; remote_connection; client_compat; health_signals,,10,computed; tool; verified,below adoption floor (stars<20 and downloads<100) — candidate pool only,
ai-smithery-keithah-hostex-mcp,ai.smithery/keithah-hostex-mcp,reject,install; configuration; api_key; remote_connection; client_compat; health_signals,,10,computed; tool; verified,below adoption floor (stars<20 and downloads<100) — candidate pool only,
app-cardog-mcp,app.cardog/mcp,reject,install; configuration; api_key; remote_connection; client_compat; health_signals,,10,computed; tool; verified,below adoption floor (stars<20 and downloads<100) — candidate pool only,
app-framebench-framebench,app.framebench/framebench,reject,install; configuration; docker; remote_connection; client_compat; health_signals,,10,computed; tool; verified,below adoption floor (stars<20 and downloads<100) — candidate pool only,
app-toolsnap-toolsnap-mcp,app.toolsnap/toolsnap-mcp,reject,install; configuration; api_key; remote_connection; client_compat; health_signals,,10,computed; tool; verified,below adoption floor (stars<20 and downloads<100) — candidate pool only,
com-numeratica-mcp,com.numeratica/mcp,reject,install; configuration; api_key; remote_connection; client_compat; health_signals,,10,computed; tool; verified,below adoption floor (stars<20 and downloads<100) — candidate pool only,
ai-i18nagent-i18n-agent,ai.i18nagent/i18n-agent,reject,install; configuration; api_key; remote_connection; client_compat; health_signals,,10,computed; tool; verified,below adoption floor (stars<20 and downloads<100) — candidate pool only,
ai-matih-mcp,ai.matih/mcp,reject,install; configuration; api_key; remote_connection; client_compat; health_signals,,10,computed; tool; verified,below adoption floor (stars<20 and downloads<100) — candidate pool only,
ai-radmail-radmail-mcp,ai.radmail/radmail-mcp,reject,install; configuration; api_key; remote_connection; client_compat; health_signals,,10,computed; tool; verified,below adoption floor (stars<20 and downloads<100) — candidate pool only,
app-selis-mcp-pmo,app.selis.mcp/pmo,reject,install; configuration; docker; remote_connection; client_compat; health_signals,,10,computed; tool; verified,below adoption floor (stars<20 and downloads<100) — candidate pool only,
at-memebo-memeboat-mcp,at.memebo/memeboat-mcp,reject,install; configuration; api_key; remote_connection; client_compat; health_signals,,10,computed; tool; verified,below adoption floor (stars<20 and downloads<100) — candidate pool only,
io-github-startreedata-mcp-pinot,io.github.startreedata/mcp-pinot,reject,install; configuration; api_key; docker; client_compat; health_signals,,9,computed; tool; verified,below adoption floor (stars<20 and downloads<100) — candidate pool only,
ai-veecle-chiplab,ai.veecle/chiplab,reject,install; configuration; remote_connection; client_compat; health_signals,,9,computed; tool; verified,below adoption floor (stars<20 and downloads<100) — candidate pool only,
ci-git-mymlh-mcp-server,ci.git/mymlh-mcp-server,reject,install; configuration; remote_connection; client_compat; health_signals,,9,computed; tool; verified,below adoption floor (stars<20 and downloads<100) — candidate pool only,
com-getmunin-munin,com.getmunin/munin,reject,install; configuration; remote_connection; client_compat; health_signals,,9,computed; tool; verified,below adoption floor (stars<20 and downloads<100) — candidate pool only,
app-steep-mcp,app.steep/mcp,reject,install; configuration; remote_connection; client_compat; health_signals,,9,computed; tool; verified,below adoption floor (stars<20 and downloads<100) — candidate pool only,
ai-smithery-mistersandfr-supabase-mcp-selfhosted,ai.smithery/MisterSandFR-supabase-mcp-selfhosted,reject,install; docker; remote_connection; client_compat; health_signals,,9,computed; tool; verified,lifecycle=deprecated (registry deletion can mean malware),
ai-syntheticbrew-syntheticbrew,ai.syntheticbrew/syntheticbrew,reject,install; api_key; remote_connection; client_compat; health_signals,,9,computed; tool; verified,below adoption floor (stars<20 and downloads<100) — candidate pool only,
au-com-ato-mcp-ato-mcp,au.com.ato-mcp/ato-mcp,reject,install; configuration; remote_connection; client_compat; health_signals,,9,computed; tool; verified,below adoption floor (stars<20 and downloads<100) — candidate pool only,
ai-outlit-outlit,ai.outlit/outlit,reject,install; api_key; remote_connection; client_compat; health_signals,,9,computed; tool; verified,below adoption floor (stars<20 and downloads<100) — candidate pool only,
ai-smithery-keithah-tessie-mcp,ai.smithery/keithah-tessie-mcp,reject,install; api_key; remote_connection; client_compat; health_signals,,9,computed; tool; verified,below adoption floor (stars<20 and downloads<100) — candidate pool only,
sh-twitr-twitr,sh.twitr/twitr,reject,install; api_key; remote_connection; client_compat; health_signals,,9,computed; tool; verified,below adoption floor (stars<20 and downloads<100) — candidate pool only,
ch-martinelli-jooq-mcp,ch.martinelli/jooq-mcp,reject,install; docker; remote_connection; client_compat; health_signals,,9,computed; tool; verified,below adoption floor (stars<20 and downloads<100) — candidate pool only,
ai-proxygate-mcp,ai.proxygate/mcp,reject,install; api_key; remote_connection; client_compat; health_signals,,9,computed; tool; verified,below adoption floor (stars<20 and downloads<100) — candidate pool only,
ai-windsor-windsor-mcp,ai.windsor/windsor-mcp,reject,install; api_key; remote_connection; client_compat; health_signals,,9,computed; tool; verified,below adoption floor (stars<20 and downloads<100) — candidate pool only,
app-desktopcommander-remote-desktop-commander,app.desktopcommander/remote-desktop-commander,reject,install; configuration; remote_connection; client_compat; health_signals,,9,computed; tool; verified,below adoption floor (stars<20 and downloads<100) — candidate pool only,
io-github-shekharbhardwaj-agentic-ledger,io.github.ShekharBhardwaj/agentic-ledger,reject,install; configuration; api_key; docker; client_compat; health_signals,,9,computed; tool; verified,below adoption floor (stars<20 and downloads<100) — candidate pool only,
io-github-psyb0t-hybrids3,io.github.psyb0t/hybrids3,reject,install; configuration; api_key; docker; client_compat; health_signals,,9,computed; tool; verified,below adoption floor (stars<20 and downloads<100) — candidate pool only,
io-github-unaibamir-agent-abilities-for-mcp,io.github.unaibamir/agent-abilities-for-mcp,reject,install; api_key; remote_connection; client_compat; health_signals,,9,computed; tool; verified,below adoption floor (stars<20 and downloads<100) — candidate pool only,
ai-palmyr-palmyr,ai.palmyr/palmyr,reject,install; api_key; remote_connection; client_compat; health_signals,,9,computed; tool; verified,below adoption floor (stars<20 and downloads<100) — candidate pool only,
ai-smithery-hithereiamaliff-mcp-datagovmy,ai.smithery/hithereiamaliff-mcp-datagovmy,reject,install; configuration; remote_connection; client_compat; health_signals,,9,computed; tool; verified,below adoption floor (stars<20 and downloads<100) — candidate pool only,
ai-thinkneo-control-plane,ai.thinkneo/control-plane,reject,install; api_key; remote_connection; client_compat; health_signals,,9,computed; tool; verified,below adoption floor (stars<20 and downloads<100) — candidate pool only,
ai-websitepublisher-mcp,ai.websitepublisher/mcp,reject,install; configuration; remote_connection; client_compat; health_signals,,9,computed; tool; verified,below adoption floor (stars<20 and downloads<100) — candidate pool only,
app-trustydata-trustydata,app.trustydata/trustydata,reject,install; configuration; remote_connection; client_compat; health_signals,,9,computed; tool; verified,below adoption floor (stars<20 and downloads<100) — candidate pool only,
ai-meetsquad-squad,ai.meetsquad/squad,reject,install; api_key; remote_connection; client_compat; health_signals,,9,computed; tool; verified,below adoption floor (stars<20 and downloads<100) — candidate pool only,
ai-smithery-alphago2580-naramarketmcp,ai.smithery/alphago2580-naramarketmcp,reject,install; docker; remote_connection; client_compat; health_signals,,9,computed; tool; verified,below adoption floor (stars<20 and downloads<100) — candidate pool only,
ai-smithery-devbrother2024-typescript-mcp-server-boilerplate,ai.smithery/devbrother2024-typescript-mcp-server-boilerplate,reject,install; configuration; remote_connection; client_compat; health_signals,,9,computed; tool; verified,below adoption floor (stars<20 and downloads<100) — candidate pool only,
ai-smithery-sunub-obsidian-mcp-server,ai.smithery/sunub-obsidian-mcp-server,reject,install; configuration; remote_connection; client_compat; health_signals,,9,computed; tool; verified,below adoption floor (stars<20 and downloads<100) — candidate pool only,
ai-unulu-unulu,ai.unulu/unulu,reject,install; configuration; remote_connection; client_compat; health_signals,,9,computed; tool; verified,below adoption floor (stars<20 and downloads<100) — candidate pool only,
app-elasticflow-mcp,app.elasticflow/mcp,reject,install; configuration; remote_connection; client_compat; health_signals,,9,computed; tool; verified,below adoption floor (stars<20 and downloads<100) — candidate pool only,
bot-ttrpg-grimoire,bot.ttrpg/grimoire,reject,install; configuration; remote_connection; client_compat; health_signals,,9,computed; tool; verified,below adoption floor (stars<20 and downloads<100) — candidate pool only,
cc-orionlabsone-orion-agent-kit,cc.orionlabsone/orion-agent-kit,reject,install; configuration; remote_connection; client_compat; health_signals,,9,computed; tool; verified,below adoption floor (stars<20 and downloads<100) — candidate pool only,
ch-wejob-wejob,ch.wejob/wejob,reject,install; configuration; remote_connection; client_compat; health_signals,,9,computed; tool; verified,below adoption floor (stars<20 and downloads<100) — candidate pool only,
io-github-signalfx-splunk-o11y-mcp-connect,io.github.signalfx/splunk-o11y-mcp-connect,reject,install; api_key; remote_connection; client_compat; health_signals,,9,computed; tool; verified,below adoption floor (stars<20 and downloads<100) — candidate pool only,
io-github-rnvizion-rnv-color-mcp,io.github.RNVizion/rnv-color-mcp,reject,install; api_key; remote_connection; client_compat; health_signals,,9,computed; tool; verified,below adoption floor (stars<20 and downloads<100) — candidate pool only,
io-github-fmadore-iwac-mcp-server,io.github.fmadore/iwac-mcp-server,reject,install; api_key; remote_connection; client_compat; health_signals,,9,computed; tool; verified,below adoption floor (stars<20 and downloads<100) — candidate pool only,
ai-backengine-backengine-mcp,ai.backengine/backengine-mcp,reject,install; configuration; remote_connection; client_compat; health_signals,,9,computed; tool; verified,below adoption floor (stars<20 and downloads<100) — candidate pool only,
ai-cabrini-market-data,ai.cabrini/market-data,reject,install; configuration; remote_connection; client_compat; health_signals,,9,computed; tool; verified,below adoption floor (stars<20 and downloads<100) — candidate pool only,
ai-justpublish-just-publish,ai.justpublish/just-publish,reject,install; configuration; remote_connection; client_compat; health_signals,,9,computed; tool; verified,below adoption floor (stars<20 and downloads<100) — candidate pool only,
ai-kumbuka-kumbuka-server,ai.kumbuka/kumbuka-server,reject,install; api_key; remote_connection; client_compat; health_signals,,9,computed; tool; verified,below adoption floor (stars<20 and downloads<100) — candidate pool only,
ai-presentations-presentations-ai,ai.presentations/presentations-ai,reject,install; api_key; remote_connection; client_compat; health_signals,,9,computed; tool; verified,below adoption floor (stars<20 and downloads<100) — candidate pool only,
ai-roopslaw-legalsearch,ai.roopslaw/legalsearch,reject,install; api_key; remote_connection; client_compat; health_signals,,9,computed; tool; verified,below adoption floor (stars<20 and downloads<100) — candidate pool only,
app-knowtis-knowtis,app.knowtis/knowtis,reject,install; api_key; remote_connection; client_compat; health_signals,,9,computed; tool; verified,below adoption floor (stars<20 and downloads<100) — candidate pool only,
art-travel-mcp,art.travel/mcp,reject,install; configuration; remote_connection; client_compat; health_signals,,9,computed; tool; verified,below adoption floor (stars<20 and downloads<100) — candidate pool only,
io-github-beepboop2025-groundcheck,io.github.beepboop2025/groundcheck,reject,install; api_key; remote_connection; client_compat; health_signals,,9,computed; tool; verified,below adoption floor (stars<20 and downloads<100) — candidate pool only,
io-github-jamhimself-robinx-mcp,io.github.jamhimself/robinx-mcp,reject,install; configuration; remote_connection; client_compat; health_signals,,9,computed; tool; verified,below adoption floor (stars<20 and downloads<100) — candidate pool only,
ai-responsibleailabs-rail-score,ai.responsibleailabs/rail-score,reject,install; configuration; api_key; docker; remote_connection; client_compat,,9,computed; tool; verified,below adoption floor (stars<20 and downloads<100) — candidate pool only,
ai-smithery-lukaskostka99-marketing-miner-mcp,ai.smithery/lukaskostka99-marketing-miner-mcp,reject,install; configuration; api_key; docker; remote_connection; client_compat,,9,computed; tool; verified,below adoption floor (stars<20 and downloads<100) — candidate pool only,
ai-smithery-browserbasehq-mcp-browserbase,ai.smithery/browserbasehq-mcp-browserbase,reject,install; remote_connection; client_compat; health_signals,,8,computed; tool; verified,lifecycle=deprecated (registry deletion can mean malware),
io-github-psyb0t-claudebox,io.github.psyb0t/claudebox,reject,install; api_key; docker; client_compat; health_signals,,8,computed; tool; verified,below adoption floor (stars<20 and downloads<100) — candidate pool only,
ai-smithery-nekzus-npm-sentinel-mcp,ai.smithery/Nekzus-npm-sentinel-mcp,reject,install; remote_connection; client_compat; health_signals,,8,computed; tool; verified,below adoption floor (stars<20 and downloads<100) — candidate pool only,
io-github-skynetcmd-m3-memory,io.github.skynetcmd/m3-memory,reject,install; configuration; api_key; client_compat; health_signals,,8,computed; tool; verified,below adoption floor (stars<20 and downloads<100) — candidate pool only,
app-cellarion-wine-registry,app.cellarion/wine-registry,reject,install; remote_connection; client_compat; health_signals,,8,computed; tool; verified,below adoption floor (stars<20 and downloads<100) — candidate pool only,
io-github-synpulse8-opensource-pulse8-ai-cortex-knowledge-va,io.github.synpulse8-opensource/pulse8-ai-cortex-knowledge-vault,reject,install; configuration; api_key; client_compat; health_signals,,8,computed; tool; verified,below adoption floor (stars<20 and downloads<100) — candidate pool only,
io-github-skivuha-federal-compass-mcp,io.github.skivuha/federal-compass-mcp,reject,install; configuration; api_key; client_compat; health_signals,,8,computed; tool; verified,below adoption floor (stars<20 and downloads<100) — candidate pool only,
io-github-datris-datris,io.github.datris/datris,reject,install; configuration; api_key; client_compat; health_signals,,8,computed; tool; verified,below adoption floor (stars<20 and downloads<100) — candidate pool only,
io-github-jagoff-memo,io.github.jagoff/memo,reject,install; api_key; docker; client_compat; health_signals,,8,computed; tool; verified,below adoption floor (stars<20 and downloads<100) — candidate pool only,
ai-com-mcp-contabo,ai.com.mcp/contabo,reject,install; remote_connection; client_compat; health_signals,,8,computed; tool; verified,below adoption floor (stars<20 and downloads<100) — candidate pool only,
ai-com-mcp-lenny-rachitsky-podcast,ai.com.mcp/lenny-rachitsky-podcast,reject,install; remote_connection; client_compat; health_signals,,8,computed; tool; verified,below adoption floor (stars<20 and downloads<100) — candidate pool only,
ai-com-mcp-linkedin,ai.com.mcp/linkedin,reject,install; remote_connection; client_compat; health_signals,,8,computed; tool; verified,below adoption floor (stars<20 and downloads<100) — candidate pool only,
ai-com-mcp-openai-tools,ai.com.mcp/openai-tools,reject,install; remote_connection; client_compat; health_signals,,8,computed; tool; verified,below adoption floor (stars<20 and downloads<100) — candidate pool only,
ai-com-mcp-petstore,ai.com.mcp/petstore,reject,install; remote_connection; client_compat; health_signals,,8,computed; tool; verified,below adoption floor (stars<20 and downloads<100) — candidate pool only,
ai-com-mcp-strava,ai.com.mcp/strava,reject,install; remote_connection; client_compat; health_signals,,8,computed; tool; verified,below adoption floor (stars<20 and downloads<100) — candidate pool only,
ai-smithery-anirbanbasu-pymcp,ai.smithery/anirbanbasu-pymcp,reject,install; remote_connection; client_compat; health_signals,,8,computed; tool; verified,below adoption floor (stars<20 and downloads<100) — candidate pool only,
app-flaim-mcp,app.flaim/mcp,reject,install; remote_connection; client_compat; health_signals,,8,computed; tool; verified,below adoption floor (stars<20 and downloads<100) — candidate pool only,
ai-webanatomy-webanatomy,ai.webanatomy/webanatomy,reject,install; remote_connection; client_compat; health_signals,,8,computed; tool; verified,below adoption floor (stars<20 and downloads<100) — candidate pool only,
ch-fedlex-connector-fedlex-connector,ch.fedlex-connector/fedlex-connector,reject,install; remote_connection; client_compat; health_signals,,8,computed; tool; verified,below adoption floor (stars<20 and downloads<100) — candidate pool only,
io-github-xcodethink-pixelcheck,io.github.xcodethink/pixelcheck,reject,install; configuration; api_key; client_compat; health_signals,,8,computed; tool; verified,below adoption floor (stars<20 and downloads<100) — candidate pool only,
ai-preclick-preclick-mcp,ai.preclick/preclick-mcp,reject,install; remote_connection; client_compat; health_signals,,8,computed; tool; verified,below adoption floor (stars<20 and downloads<100) — candidate pool only,
ai-smithery-anirbanbasu-frankfurtermcp,ai.smithery/anirbanbasu-frankfurtermcp,reject,install; remote_connection; client_compat; health_signals,,8,computed; tool; verified,below adoption floor (stars<20 and downloads<100) — candidate pool only,
ai-smithery-zeta-chain-cli,ai.smithery/zeta-chain-cli,reject,install; remote_connection; client_compat; health_signals,,8,computed; tool; verified,below adoption floor (stars<20 and downloads<100) — candidate pool only,
ai-urlcheck-urlcheck-mcp,ai.urlcheck/urlcheck-mcp,reject,install; remote_connection; client_compat; health_signals,,8,computed; tool; verified,below adoption floor (stars<20 and downloads<100) — candidate pool only,
io-github-shigechika-mcp-stdio,io.github.shigechika/mcp-stdio,reject,install; configuration; api_key; client_compat; health_signals,,8,computed; tool; verified,below adoption floor (stars<20 and downloads<100) — candidate pool only,
ai-newzai-api-news-mcp,ai.newzai.api/news-mcp,reject,install; remote_connection; client_compat; health_signals,,8,computed; tool; verified,below adoption floor (stars<20 and downloads<100) — candidate pool only,
ai-newzai-api-newzai,ai.newzai.api/NewzAI,reject,install; remote_connection; client_compat; health_signals,,8,computed; tool; verified,below adoption floor (stars<20 and downloads<100) — candidate pool only,
io-github-zahirinatzuke-local-delegate,io.github.ZahiriNatZuke/local-delegate,reject,install; configuration; api_key; client_compat; health_signals,,8,computed; tool; verified,below adoption floor (stars<20 and downloads<100) — candidate pool only,
io-github-psyb0t-talkies,io.github.psyb0t/talkies,reject,install; api_key; docker; client_compat; health_signals,,8,computed; tool; verified,below adoption floor (stars<20 and downloads<100) — candidate pool only,
cloud-agentdomain-agentdomain-mcp,cloud.agentdomain/agentdomain-mcp,reject,install; configuration; api_key; client_compat; health_signals,,8,computed; tool; verified,below adoption floor (stars<20 and downloads<100) — candidate pool only,
io-github-musharna-plant-genomics-mcp,io.github.musharna/plant-genomics-mcp,reject,install; api_key; docker; client_compat; health_signals,,8,computed; tool; verified,below adoption floor (stars<20 and downloads<100) — candidate pool only,
io-github-rcsb-rcsb-mcp,io.github.rcsb/rcsb-mcp,reject,install; configuration; api_key; client_compat; health_signals,,8,computed; tool; verified,below adoption floor (stars<20 and downloads<100) — candidate pool only,
io-github-maxfreedompollard-compartment,io.github.MaxFreedomPollard/compartment,reject,install; configuration; api_key; client_compat; health_signals,,8,computed; tool; verified,below adoption floor (stars<20 and downloads<100) — candidate pool only,
ai-djzs-trust-mcp,ai.djzs/trust-mcp,reject,install; remote_connection; client_compat; health_signals,,8,computed; tool; verified,below adoption floor (stars<20 and downloads<100) — candidate pool only,
ai-mrmarket-mrmarket-mcp,ai.mrmarket/mrmarket-mcp,reject,install; remote_connection; client_compat; health_signals,,8,computed; tool; verified,below adoption floor (stars<20 and downloads<100) — candidate pool only,
ai-nocturnus-logic-server,ai.nocturnus/logic-server,reject,install; configuration; docker; client_compat; health_signals,,8,computed; tool; verified,below adoption floor (stars<20 and downloads<100) — candidate pool only,
ai-smithery-takodata-tako-mcp,ai.smithery/TakoData-tako-mcp,reject,install; remote_connection; client_compat; health_signals,,8,computed; tool; verified,below adoption floor (stars<20 and downloads<100) — candidate pool only,
br-com-fipex-mcp,br.com.fipex/mcp,reject,install; remote_connection; client_compat; health_signals,,8,computed; tool; verified,below adoption floor (stars<20 and downloads<100) — candidate pool only,
io-github-musharna-data-aggregator-mcp,io.github.musharna/data-aggregator-mcp,reject,install; configuration; api_key; client_compat; health_signals,,8,computed; tool; verified,below adoption floor (stars<20 and downloads<100) — candidate pool only,
io-github-shigechika-jquants-mcp,io.github.shigechika/jquants-mcp,reject,install; configuration; api_key; client_compat; health_signals,,8,computed; tool; verified,below adoption floor (stars<20 and downloads<100) — candidate pool only,
io-github-tomaslucasutn-godot-mcp-bridge,io.github.TomasLucasUTN/godot-mcp-bridge,reject,install; configuration; api_key; client_compat; health_signals,,8,computed; tool; verified,below adoption floor (stars<20 and downloads<100) — candidate pool only,
ai-rolli-mcp,ai.rolli/mcp,reject,install; configuration; api_key; client_compat; health_signals,,8,computed; tool; verified,below adoption floor (stars<20 and downloads<100) — candidate pool only,
app-anakior-atlas-mind,app.anakior/atlas-mind,reject,install; remote_connection; client_compat; health_signals,,8,computed; tool; verified,below adoption floor (stars<20 and downloads<100) — candidate pool only,
app-sentinelx-sentinelx,app.sentinelx/sentinelx,reject,install; remote_connection; client_compat; health_signals,,8,computed; tool; verified,below adoption floor (stars<20 and downloads<100) — candidate pool only,
io-github-viventine-space-orbit-sentinel-mcp,io.github.Viventine-Space/orbit-sentinel-mcp,reject,install; configuration; api_key; client_compat; health_signals,,8,computed; tool; verified,below adoption floor (stars<20 and downloads<100) — candidate pool only,
io-github-psyb0t-flickies,io.github.psyb0t/flickies,reject,install; api_key; docker; client_compat; health_signals,,8,computed; tool; verified,below adoption floor (stars<20 and downloads<100) — candidate pool only,
io-github-psyb0t-wickworks,io.github.psyb0t/wickworks,reject,install; api_key; docker; client_compat; health_signals,,8,computed; tool; verified,below adoption floor (stars<20 and downloads<100) — candidate pool only,
io-github-dcondrey-misterdev,io.github.dcondrey/misterdev,reject,install; configuration; api_key; client_compat; health_signals,,8,computed; tool; verified,below adoption floor (stars<20 and downloads<100) — candidate pool only,
io-github-chrischall-viator-mcp,io.github.chrischall/viator-mcp,reject,install; configuration; api_key; client_compat; health_signals,,8,computed; tool; verified,below adoption floor (stars<20 and downloads<100) — candidate pool only,
com-warmthengine-observatory,com.warmthengine/observatory,reject,install; remote_connection; client_compat; health_signals,,8,computed; tool; verified,below adoption floor (stars<20 and downloads<100) — candidate pool only,
io-github-javimaligno-vitamind,io.github.JaviMaligno/vitamind,reject,install; remote_connection; client_compat; health_signals,,8,computed; tool; verified,below adoption floor (stars<20 and downloads<100) — candidate pool only,
ai-biddeed-biddeed-mcp,ai.biddeed/biddeed-mcp,reject,install; remote_connection; client_compat; health_signals,,8,computed; tool; verified,below adoption floor (stars<20 and downloads<100) — candidate pool only,
ai-boolsai-directory,ai.boolsai/directory,reject,install; remote_connection; client_compat; health_signals,,8,computed; tool; verified,below adoption floor (stars<20 and downloads<100) — candidate pool only,
ai-boolsai-grep,ai.boolsai/grep,reject,install; remote_connection; client_compat; health_signals,,8,computed; tool; verified,below adoption floor (stars<20 and downloads<100) — candidate pool only,
ai-boolsai-scan,ai.boolsai/scan,reject,install; remote_connection; client_compat; health_signals,,8,computed; tool; verified,below adoption floor (stars<20 and downloads<100) — candidate pool only,
ai-boolsai-signals,ai.boolsai/signals,reject,install; remote_connection; client_compat; health_signals,,8,computed; tool; verified,below adoption floor (stars<20 and downloads<100) — candidate pool only,
ai-dinglebear-soma,ai.dinglebear/soma,reject,install; configuration; api_key; client_compat; health_signals,,8,computed; tool; verified,below adoption floor (stars<20 and downloads<100) — candidate pool only,
ai-fodda-brand-intelligence,ai.fodda/brand-intelligence,reject,install; remote_connection; client_compat; health_signals,,8,computed; tool; verified,below adoption floor (stars<20 and downloads<100) — candidate pool only,
ai-fodda-deep-research,ai.fodda/deep-research,reject,install; remote_connection; client_compat; health_signals,,8,computed; tool; verified,below adoption floor (stars<20 and downloads<100) — candidate pool only,
ai-fodda-earnings-intelligence,ai.fodda/earnings-intelligence,reject,install; remote_connection; client_compat; health_signals,,8,computed; tool; verified,below adoption floor (stars<20 and downloads<100) — candidate pool only,
ai-fodda-expert-consult,ai.fodda/expert-consult,reject,install; remote_connection; client_compat; health_signals,,8,computed; tool; verified,below adoption floor (stars<20 and downloads<100) — candidate pool only,
ai-fodda-topic-research,ai.fodda/topic-research,reject,install; remote_connection; client_compat; health_signals,,8,computed; tool; verified,below adoption floor (stars<20 and downloads<100) — candidate pool only,
ai-nexustoken-nexustoken-sdk,ai.nexustoken/nexustoken-sdk,reject,install; configuration; api_key; client_compat; health_signals,,8,computed; tool; verified,below adoption floor (stars<20 and downloads<100) — candidate pool only,
ai-smithery-ramadasmr-networkcalc-mcp,ai.smithery/ramadasmr-networkcalc-mcp,reject,install; remote_connection; client_compat; health_signals,,8,computed; tool; verified,below adoption floor (stars<20 and downloads<100) — candidate pool only,
ai-sovantica-engrava,ai.sovantica/engrava,reject,install; configuration; api_key; client_compat; health_signals,,8,computed; tool; verified,below adoption floor (stars<20 and downloads<100) — candidate pool only,
ai-voxell-forge,ai.voxell/forge,reject,install; configuration; api_key; client_compat; health_signals,,8,computed; tool; verified,below adoption floor (stars<20 and downloads<100) — candidate pool only,
app-getsalta-salta,app.getsalta/salta,reject,install; remote_connection; client_compat; health_signals,,8,computed; tool; verified,below adoption floor (stars<20 and downloads<100) — candidate pool only,
app-nausika-mcp,app.nausika/mcp,reject,install; remote_connection; client_compat; health_signals,,8,computed; tool; verified,below adoption floor (stars<20 and downloads<100) — candidate pool only,
app-reassign-reassign,app.reassign/reassign,reject,install; remote_connection; client_compat; health_signals,,8,computed; tool; verified,below adoption floor (stars<20 and downloads<100) — candidate pool only,
bio-atlarium-habitat-database,bio.atlarium/habitat-database,reject,install; configuration; api_key; remote_connection; client_compat,,8,computed; tool; verified,below adoption floor (stars<20 and downloads<100) — candidate pool only,
ca-netgrant-canadian-grants,ca.netgrant/canadian-grants,reject,install; configuration; api_key; remote_connection; client_compat,,8,computed; tool; verified,below adoption floor (stars<20 and downloads<100) — candidate pool only,
cc-contexta-contexta-mcp,cc.contexta/contexta-mcp,reject,install; configuration; api_key; remote_connection; client_compat,,8,computed; tool; verified,below adoption floor (stars<20 and downloads<100) — candidate pool only,
click-toolcall-toolcall,click.toolcall/toolcall,reject,install; configuration; api_key; remote_connection; client_compat,,8,computed; tool; verified,below adoption floor (stars<20 and downloads<100) — candidate pool only,
io-github-blackaxgit-agent-mcp-hub,io.github.blackaxgit/agent-mcp-hub,reject,install; configuration; api_key; client_compat; health_signals,,8,computed; tool; verified,below adoption floor (stars<20 and downloads<100) — candidate pool only,
io-github-marvinrey7879-framefetch,io.github.MarvinRey7879/framefetch,reject,install; configuration; api_key; remote_connection; client_compat,,8,computed; tool; verified,below adoption floor (stars<20 and downloads<100) — candidate pool only,
com-formpaste-formpaste,com.formpaste/formpaste,reject,install; configuration; api_key; remote_connection; client_compat,,8,computed; tool; verified,below adoption floor (stars<20 and downloads<100) — candidate pool only,
io-github-spikeycoder-website-auditor-mcp,io.github.SpikeyCoder/website-auditor-mcp,reject,install; configuration; api_key; client_compat; health_signals,,8,computed; tool; verified,below adoption floor (stars<20 and downloads<100) — candidate pool only,
com-truss-security-truss-mcp,com.truss-security/truss-mcp,reject,install; configuration; api_key; remote_connection; client_compat,,8,computed; tool; verified,below adoption floor (stars<20 and downloads<100) — candidate pool only,
io-github-chrischall-flightaware-mcp,io.github.chrischall/flightaware-mcp,reject,install; configuration; api_key; client_compat; health_signals,,8,computed; tool; verified,below adoption floor (stars<20 and downloads<100) — candidate pool only,
io-github-wcag-compliance-mcp,io.github.WCAG-Compliance/mcp,reject,install; configuration; api_key; remote_connection; client_compat,,8,computed; tool; verified,below adoption floor (stars<20 and downloads<100) — candidate pool only,
io-github-anymfah-stellary-project-management,io.github.Anymfah/stellary-project-management,reject,install; configuration; api_key; remote_connection; client_compat,,8,computed; tool; verified,below adoption floor (stars<20 and downloads<100) — candidate pool only,
io-github-mikeashtoneillc-usdi-mcp-server,io.github.MikeAshtonEILLC/usdi-mcp-server,reject,install; configuration; api_key; remote_connection; client_compat,,8,computed; tool; verified,below adoption floor (stars<20 and downloads<100) — candidate pool only,
com-cars-data-car-specs-api,com.cars-data/car-specs-api,reject,install; configuration; api_key; remote_connection; client_compat,,8,computed; tool; verified,below adoption floor (stars<20 and downloads<100) — candidate pool only,
ai-bareun-bareun,ai.bareun/bareun,reject,install; configuration; api_key; remote_connection; client_compat,,8,computed; tool; verified,below adoption floor (stars<20 and downloads<100) — candidate pool only,
ai-buywhere-catalog-api,ai.buywhere/catalog-api,reject,install; configuration; api_key; remote_connection; client_compat,,8,computed; tool; verified,below adoption floor (stars<20 and downloads<100) — candidate pool only,
ai-calendarmcp-server,ai.calendarmcp/server,reject,install; configuration; api_key; remote_connection; client_compat,,8,computed; tool; verified,below adoption floor (stars<20 and downloads<100) — candidate pool only,
ai-canaryusers-canaryusers,ai.canaryusers/canaryusers,reject,install; configuration; api_key; remote_connection; client_compat,,8,computed; tool; verified,below adoption floor (stars<20 and downloads<100) — candidate pool only,
ai-creativescope-creative-intelligence,ai.creativescope/creative-intelligence,reject,install; configuration; api_key; remote_connection; client_compat,,8,computed; tool; verified,below adoption floor (stars<20 and downloads<100) — candidate pool only,
ai-entityenricher-enricher,ai.entityenricher/enricher,reject,install; configuration; api_key; remote_connection; client_compat,,8,computed; tool; verified,below adoption floor (stars<20 and downloads<100) — candidate pool only,
ai-fiber-mcp,ai.fiber/mcp,reject,install; configuration; api_key; remote_connection; client_compat,,8,computed; tool; verified,below adoption floor (stars<20 and downloads<100) — candidate pool only,
ai-inxy-seo-audit,ai.inxy/seo-audit,reject,install; configuration; api_key; remote_connection; client_compat,,8,computed; tool; verified,below adoption floor (stars<20 and downloads<100) — candidate pool only,
ai-law-lawyer-search,ai.law/lawyer-search,reject,install; remote_connection; client_compat; health_signals,,8,computed; tool; verified,below adoption floor (stars<20 and downloads<100) — candidate pool only,
ai-marketcore-mcp,ai.marketcore/mcp,reject,install; configuration; api_key; remote_connection; client_compat,,8,computed; tool; verified,below adoption floor (stars<20 and downloads<100) — candidate pool only,
ai-modelrunner-mcp,ai.modelrunner/mcp,reject,install; configuration; api_key; remote_connection; client_compat,,8,computed; tool; verified,below adoption floor (stars<20 and downloads<100) — candidate pool only,
ai-nefesh-human-state,ai.nefesh/human-state,reject,install; configuration; api_key; remote_connection; client_compat,,8,computed; tool; verified,below adoption floor (stars<20 and downloads<100) — candidate pool only,
ai-physea-liminality,ai.physea/liminality,reject,install; configuration; api_key; remote_connection; client_compat,,8,computed; tool; verified,below adoption floor (stars<20 and downloads<100) — candidate pool only,
ai-sitepulsar-mcp,ai.sitepulsar/mcp,reject,install; configuration; api_key; remote_connection; client_compat,,8,computed; tool; verified,below adoption floor (stars<20 and downloads<100) — candidate pool only,
ai-smithery-rainbowgore-stealthee-mcp-tools,ai.smithery/rainbowgore-stealthee-mcp-tools,reject,install; configuration; api_key; remote_connection; client_compat,,8,computed; tool; verified,below adoption floor (stars<20 and downloads<100) — candidate pool only,
ai-speko-mcp,ai.speko/mcp,reject,install; configuration; api_key; remote_connection; client_compat,,8,computed; tool; verified,below adoption floor (stars<20 and downloads<100) — candidate pool only,
ai-toffu-toffu,ai.toffu/toffu,reject,install; configuration; api_key; remote_connection; client_compat,,8,computed; tool; verified,below adoption floor (stars<20 and downloads<100) — candidate pool only,
ai-upriver-upriver,ai.upriver/upriver,reject,install; configuration; api_key; remote_connection; client_compat,,8,computed; tool; verified,below adoption floor (stars<20 and downloads<100) — candidate pool only,
ai-verificate-mcp,ai.verificate/mcp,reject,install; configuration; api_key; remote_connection; client_compat,,8,computed; tool; verified,below adoption floor (stars<20 and downloads<100) — candidate pool only,
ai-voris-mcp-server,ai.voris.mcp/server,reject,install; configuration; api_key; client_compat; health_signals,,8,computed; tool; verified,below adoption floor (stars<20 and downloads<100) — candidate pool only,
ai-webuplink-mcp,ai.webuplink/mcp,reject,install; configuration; api_key; client_compat; health_signals,,8,computed; tool; verified,below adoption floor (stars<20 and downloads<100) — candidate pool only,
ai-wellnessproject-wellness-project,ai.wellnessproject/wellness-project,reject,install; configuration; api_key; remote_connection; client_compat,,8,computed; tool; verified,below adoption floor (stars<20 and downloads<100) — candidate pool only,
ai-wiplash-wiplash,ai.wiplash/wiplash,reject,install; configuration; api_key; remote_connection; client_compat,,8,computed; tool; verified,below adoption floor (stars<20 and downloads<100) — candidate pool only,
app-businys-mcp-server,app.businys/mcp-server,reject,install; configuration; api_key; client_compat; health_signals,,8,computed; tool; verified,below adoption floor (stars<20 and downloads<100) — candidate pool only,
app-contendeo-contendeo,app.contendeo/contendeo,reject,install; configuration; api_key; remote_connection; client_compat,,8,computed; tool; verified,below adoption floor (stars<20 and downloads<100) — candidate pool only,
app-ganty-mcp-server,app.ganty/mcp-server,reject,install; configuration; api_key; remote_connection; client_compat,,8,computed; tool; verified,below adoption floor (stars<20 and downloads<100) — candidate pool only,
robloxstudio-mcp,robloxstudio-mcp,reject,install; configuration; client_compat; health_signals,,7,computed; tool; verified,lifecycle=deprecated (registry deletion can mean malware),
io-github-korovin-aa97-talkthrough-mcp,io.github.korovin-aa97/talkthrough-mcp,reject,install; configuration; client_compat; health_signals,,7,computed; tool; verified,below adoption floor (stars<20 and downloads<100) — candidate pool only,
io-github-ouestcharlie-ouestcharlie-woof,io.github.ouestcharlie/ouestcharlie-woof,reject,install; configuration; client_compat; health_signals,,7,computed; tool; verified,below adoption floor (stars<20 and downloads<100) — candidate pool only,
io-github-fantasylab-ai-aurora,io.github.FantasyLab-ai/aurora,reject,install; configuration; client_compat; health_signals,,7,computed; tool; verified,below adoption floor (stars<20 and downloads<100) — candidate pool only,
io-github-dancenitra-inspeximus,io.github.DanceNitra/inspeximus,reject,install; configuration; client_compat; health_signals,,7,computed; tool; verified,below adoption floor (stars<20 and downloads<100) — candidate pool only,
io-github-zoelinuts-magictex,io.github.ZoeLinUTS/magictex,reject,install; configuration; client_compat; health_signals,,7,computed; tool; verified,below adoption floor (stars<20 and downloads<100) — candidate pool only,
io-github-psyb0t-predictalot,io.github.psyb0t/predictalot,reject,install; docker; client_compat; health_signals,,7,computed; tool; verified,below adoption floor (stars<20 and downloads<100) — candidate pool only,
io-github-nikolay-e-diffctx,io.github.nikolay-e/diffctx,reject,install; docker; client_compat; health_signals,,7,computed; tool; verified,below adoption floor (stars<20 and downloads<100) — candidate pool only,
io-github-domdomegg-google-contacts-mcp,io.github.domdomegg/google-contacts-mcp,reject,install; api_key; client_compat; health_signals,,7,computed; tool; verified,below adoption floor (stars<20 and downloads<100) — candidate pool only,
ai-dynsoft-sac,ai.dynsoft/sac,reject,install; api_key; client_compat; health_signals,,7,computed; tool; verified,below adoption floor (stars<20 and downloads<100) — candidate pool only,
io-github-chaoz23-srdcheck,io.github.chaoz23/srdcheck,reject,install; configuration; client_compat; health_signals,,7,computed; tool; verified,below adoption floor (stars<20 and downloads<100) — candidate pool only,
io-github-elvirafa-memory-fabric,io.github.elViRafa/memory-fabric,reject,install; api_key; client_compat; health_signals,,7,computed; tool; verified,below adoption floor (stars<20 and downloads<100) — candidate pool only,
io-github-ameyxd-petromcp,io.github.ameyxd/petromcp,reject,install; configuration; client_compat; health_signals,,7,computed; tool; verified,below adoption floor (stars<20 and downloads<100) — candidate pool only,
io-github-shigechika-junos-mcp,io.github.shigechika/junos-mcp,reject,install; configuration; client_compat; health_signals,,7,computed; tool; verified,below adoption floor (stars<20 and downloads<100) — candidate pool only,
ai-proofslip-mcp-server,ai.proofslip/mcp-server,reject,install; api_key; client_compat; health_signals,,7,computed; tool; verified,below adoption floor (stars<20 and downloads<100) — candidate pool only,
br-com-brasilnfe-fiscal,br.com.brasilnfe/fiscal,reject,install; api_key; remote_connection; client_compat,,7,computed; tool; verified,below adoption floor (stars<20 and downloads<100) — candidate pool only,
ca-swiftsign-mcp,ca.swiftsign/mcp,reject,install; api_key; remote_connection; client_compat,,7,computed; tool; verified,below adoption floor (stars<20 and downloads<100) — candidate pool only,
ch-jassverband-jasswiki,ch.jassverband/jasswiki,reject,install; api_key; remote_connection; client_compat,,7,computed; tool; verified,below adoption floor (stars<20 and downloads<100) — candidate pool only,
io-github-jordan23wagner-ops-agent-handoff,io.github.jordan23wagner-ops/agent-handoff,reject,install; api_key; remote_connection; client_compat,,7,computed; tool; verified,below adoption floor (stars<20 and downloads<100) — candidate pool only,
io-github-acedatacloud-mcp-aichat,io.github.AceDataCloud/mcp-aichat,reject,install; api_key; remote_connection; client_compat,,7,computed; tool; verified,below adoption floor (stars<20 and downloads<100) — candidate pool only,
io-github-psyb0t-mailbox,io.github.psyb0t/mailbox,reject,install; configuration; api_key; docker; client_compat,,7,computed; tool; verified,below adoption floor (stars<20 and downloads<100) — candidate pool only,
ru-layero-layero,ru.layero/layero,reject,install; api_key; remote_connection; client_compat,,7,computed; tool; verified,below adoption floor (stars<20 and downloads<100) — candidate pool only,
io-github-imashishkh21-atlaso,io.github.imashishkh21/atlaso,reject,install; configuration; remote_connection; client_compat,,7,computed; tool; verified,below adoption floor (stars<20 and downloads<100) — candidate pool only,
io-github-vessark-business-days-mcp,io.github.Vessark/business-days-mcp,reject,install; configuration; remote_connection; client_compat,,7,computed; tool; verified,below adoption floor (stars<20 and downloads<100) — candidate pool only,
io-github-coinlooter-mcp,io.github.Coinlooter/mcp,reject,install; configuration; client_compat; health_signals,,7,computed; tool; verified,below adoption floor (stars<20 and downloads<100) — candidate pool only,
io-github-pipeworx-io-energy-charts,io.github.pipeworx-io/energy-charts,reject,install; configuration; remote_connection; client_compat,,7,computed; tool; verified,below adoption floor (stars<20 and downloads<100) — candidate pool only,
io-github-nexus-mcp-infra-npm-package-ws-has-241560546-weekl,io.github.nexus-mcp-infra/npm-package-ws-has-241560546-weekly-downloads-but-sdk,reject,install; api_key; remote_connection; client_compat,,7,computed; tool; verified,below adoption floor (stars<20 and downloads<100) — candidate pool only,
com-scrapeunblocker-scrapeunblocker-mcp-remote,com.scrapeunblocker/scrapeunblocker-mcp-remote,reject,install; api_key; remote_connection; client_compat,,7,computed; tool; verified,below adoption floor (stars<20 and downloads<100) — candidate pool only,
io-github-nexus-mcp-infra-useful-data-source-for-agents-doin,io.github.nexus-mcp-infra/useful-data-source-for-agents-doing-product-price-sdk,reject,install; api_key; remote_connection; client_compat,,7,computed; tool; verified,lifecycle=deprecated (registry deletion can mean malware),
io-github-pipeworx-io-patents,io.github.pipeworx-io/patents,reject,install; configuration; remote_connection; client_compat,,7,computed; tool; verified,below adoption floor (stars<20 and downloads<100) — candidate pool only,
io-github-pipeworx-io-fcc-ecfs,io.github.pipeworx-io/fcc-ecfs,reject,install; configuration; remote_connection; client_compat,,7,computed; tool; verified,below adoption floor (stars<20 and downloads<100) — candidate pool only,
io-github-pipeworx-io-cms-open-payments,io.github.pipeworx-io/cms-open-payments,reject,install; configuration; remote_connection; client_compat,,7,computed; tool; verified,below adoption floor (stars<20 and downloads<100) — candidate pool only,
io-github-pipeworx-io-fda-drug-competition,io.github.pipeworx-io/fda-drug-competition,reject,install; configuration; remote_connection; client_compat,,7,computed; tool; verified,below adoption floor (stars<20 and downloads<100) — candidate pool only,
io-github-pipeworx-io-fda-devices,io.github.pipeworx-io/fda-devices,reject,install; configuration; remote_connection; client_compat,,7,computed; tool; verified,below adoption floor (stars<20 and downloads<100) — candidate pool only,
io-github-pipeworx-io-sec-form-d,io.github.pipeworx-io/sec-form-d,reject,install; configuration; remote_connection; client_compat,,7,computed; tool; verified,below adoption floor (stars<20 and downloads<100) — candidate pool only,
io-github-pipeworx-io-opentargets,io.github.pipeworx-io/opentargets,reject,install; configuration; remote_connection; client_compat,,7,computed; tool; verified,below adoption floor (stars<20 and downloads<100) — candidate pool only,
io-github-thomenz-soldefi-mcp,io.github.thomenz/soldefi-mcp,reject,install; configuration; client_compat; health_signals,,7,computed; tool; verified,below adoption floor (stars<20 and downloads<100) — candidate pool only,
ai-agenticterminal-directory,ai.agenticterminal/directory,reject,install; configuration; remote_connection; client_compat,,7,computed; tool; verified,below adoption floor (stars<20 and downloads<100) — candidate pool only,
ai-ai-akari-agent-trust-receipt,ai.ai-akari/agent-trust-receipt,reject,install; configuration; remote_connection; client_compat,,7,computed; tool; verified,below adoption floor (stars<20 and downloads<100) — candidate pool only,
ai-auralogs-auralogs,ai.auralogs/auralogs,reject,install; configuration; remote_connection; client_compat,,7,computed; tool; verified,below adoption floor (stars<20 and downloads<100) — candidate pool only,
ai-autonomad-computeback,ai.autonomad/computeback,reject,install; configuration; client_compat; health_signals,,7,computed; tool; verified,below adoption floor (stars<20 and downloads<100) — candidate pool only,
ai-auxen-auxen,ai.auxen/auxen,reject,install; api_key; remote_connection; client_compat,,7,computed; tool; verified,below adoption floor (stars<20 and downloads<100) — candidate pool only,
ai-bittlebits-bittlebits,ai.bittlebits/bittlebits,reject,install; configuration; remote_connection; client_compat,,7,computed; tool; verified,below adoption floor (stars<20 and downloads<100) — candidate pool only,
ai-canvora-canvora,ai.canvora/canvora,reject,install; api_key; remote_connection; client_compat,,7,computed; tool; verified,below adoption floor (stars<20 and downloads<100) — candidate pool only,
ai-circulara-plugin,ai.circulara/plugin,reject,install; api_key; client_compat; health_signals,,7,computed; tool; verified,below adoption floor (stars<20 and downloads<100) — candidate pool only,
ai-cofoundagent-cofound,ai.cofoundagent/cofound,reject,install; api_key; remote_connection; client_compat,,7,computed; tool; verified,below adoption floor (stars<20 and downloads<100) — candidate pool only,
ai-creationloop-creationloop,ai.creationloop/creationloop,reject,install; configuration; remote_connection; client_compat,,7,computed; tool; verified,below adoption floor (stars<20 and downloads<100) — candidate pool only,
ai-dataecho-mcp,ai.dataecho/mcp,reject,install; api_key; remote_connection; client_compat,,7,computed; tool; verified,below adoption floor (stars<20 and downloads<100) — candidate pool only,
ai-djwizard-tvwizard,ai.djwizard/tvwizard,reject,install; api_key; remote_connection; client_compat,,7,computed; tool; verified,below adoption floor (stars<20 and downloads<100) — candidate pool only,
ai-dreamlit-mcp,ai.dreamlit/mcp,reject,install; api_key; remote_connection; client_compat,,7,computed; tool; verified,below adoption floor (stars<20 and downloads<100) — candidate pool only,
ai-epinu-epinu,ai.epinu/epinu,reject,install; configuration; remote_connection; client_compat,,7,computed; tool; verified,below adoption floor (stars<20 and downloads<100) — candidate pool only,
ai-example4-xmp4,ai.example4/xmp4,reject,install; configuration; remote_connection; client_compat,,7,computed; tool; verified,below adoption floor (stars<20 and downloads<100) — candidate pool only,
ai-gtfi-groundtruth,ai.gtfi/groundtruth,reject,install; configuration; remote_connection; client_compat,,7,computed; tool; verified,below adoption floor (stars<20 and downloads<100) — candidate pool only,
ai-helixar-mcp,ai.helixar/mcp,reject,install; api_key; remote_connection; client_compat,,7,computed; tool; verified,below adoption floor (stars<20 and downloads<100) — candidate pool only,
ai-justdomain-just-domain,ai.justdomain/just-domain,reject,install; configuration; remote_connection; client_compat,,7,computed; tool; verified,below adoption floor (stars<20 and downloads<100) — candidate pool only,
ai-markettrace-agent-feed,ai.markettrace/agent-feed,reject,install; docker; remote_connection; client_compat,,7,computed; tool; verified,below adoption floor (stars<20 and downloads<100) — candidate pool only,
ai-masnavi-masnavi,ai.masnavi/masnavi,reject,install; configuration; remote_connection; client_compat,,7,computed; tool; verified,below adoption floor (stars<20 and downloads<100) — candidate pool only,
ai-plori-plori,ai.plori/plori,reject,install; api_key; remote_connection; client_compat,,7,computed; tool; verified,below adoption floor (stars<20 and downloads<100) — candidate pool only,
ai-popdot-popdot-mcp,ai.popdot/popdot-mcp,reject,install; configuration; remote_connection; client_compat,,7,computed; tool; verified,below adoption floor (stars<20 and downloads<100) — candidate pool only,
ai-pubfi-mcp,ai.pubfi/mcp,reject,install; api_key; remote_connection; client_compat,,7,computed; tool; verified,below adoption floor (stars<20 and downloads<100) — candidate pool only,
ai-slideless-mcp,ai.slideless/mcp,reject,install; api_key; remote_connection; client_compat,,7,computed; tool; verified,below adoption floor (stars<20 and downloads<100) — candidate pool only,
ai-smithery-jmoak-chrono-mcp,ai.smithery/JMoak-chrono-mcp,reject,install; configuration; remote_connection; client_compat,,7,computed; tool; verified,below adoption floor (stars<20 and downloads<100) — candidate pool only,
ai-spala-public-mcp,ai.spala/public-mcp,reject,install; api_key; remote_connection; client_compat,,7,computed; tool; verified,below adoption floor (stars<20 and downloads<100) — candidate pool only,
ai-stompy-stompy,ai.stompy/stompy,reject,install; configuration; remote_connection; client_compat,,7,computed; tool; verified,below adoption floor (stars<20 and downloads<100) — candidate pool only,
ai-testiv-mcp,ai.testiv/mcp,reject,install; api_key; client_compat; health_signals,,7,computed; tool; verified,below adoption floor (stars<20 and downloads<100) — candidate pool only,
ai-xurprise-mcp,ai.xurprise/mcp,reject,install; configuration; remote_connection; client_compat,,7,computed; tool; verified,below adoption floor (stars<20 and downloads<100) — candidate pool only,
app-3dstreet-3dstreet,app.3dstreet/3dstreet,reject,install; configuration; client_compat; health_signals,,7,computed; tool; verified,below adoption floor (stars<20 and downloads<100) — candidate pool only,
app-evlek-mcp-server,app.evlek/mcp-server,reject,install; configuration; remote_connection; client_compat,,7,computed; tool; verified,below adoption floor (stars<20 and downloads<100) — candidate pool only,
app-humantaste-taste-mcp,app.humantaste/taste-mcp,reject,install; api_key; remote_connection; client_compat,,7,computed; tool; verified,below adoption floor (stars<20 and downloads<100) — candidate pool only,
app-pulltrader-seller-economics,app.pulltrader/seller-economics,reject,install; configuration; remote_connection; client_compat,,7,computed; tool; verified,below adoption floor (stars<20 and downloads<100) — candidate pool only,
app-remoote-remote-jobs,app.remoote/remote-jobs,reject,install; api_key; remote_connection; client_compat,,7,computed; tool; verified,below adoption floor (stars<20 and downloads<100) — candidate pool only,
app-superdocs-superdocs,app.superdocs/superdocs,reject,install; api_key; remote_connection; client_compat,,7,computed; tool; verified,below adoption floor (stars<20 and downloads<100) — candidate pool only,
ai-nothumansearch-search,ai.nothumansearch/search,reject,install; remote_connection; health_signals,,6,computed; tool,below adoption floor (stars<20 and downloads<100) — candidate pool only,
ai-nauro-nauro,ai.nauro/nauro,reject,install; client_compat; health_signals,,6,computed; tool; verified,below adoption floor (stars<20 and downloads<100) — candidate pool only,
cloud-anythink-anythink,cloud.anythink/anythink,reject,install; configuration; api_key; health_signals,,6,computed; tool,below adoption floor (stars<20 and downloads<100) — candidate pool only,
app-scanbim-scanbim-mcp,app.scanbim/scanbim-mcp,reject,install; client_compat; health_signals,,6,computed; tool; verified,below adoption floor (stars<20 and downloads<100) — candidate pool only,
io-github-openhcsdev-openhcs,io.github.OpenHCSDev/openhcs,reject,install; client_compat; health_signals,,6,computed; tool; verified,below adoption floor (stars<20 and downloads<100) — candidate pool only,
io-github-onourimpram-mneme,io.github.OnourImpram/mneme,reject,install; client_compat; health_signals,,6,computed; tool; verified,below adoption floor (stars<20 and downloads<100) — candidate pool only,
io-github-soren-achebe-backscroll,io.github.soren-achebe/backscroll,reject,install; configuration; api_key; health_signals,,6,computed; tool,below adoption floor (stars<20 and downloads<100) — candidate pool only,
io-github-chrischall-gogcli-mcp-slides,io.github.chrischall/gogcli-mcp-slides,reject,install; client_compat; health_signals,,6,computed; tool; verified,below adoption floor (stars<20 and downloads<100) — candidate pool only,
io-github-chrischall-gogcli-mcp-drive,io.github.chrischall/gogcli-mcp-drive,reject,install; client_compat; health_signals,,6,computed; tool; verified,below adoption floor (stars<20 and downloads<100) — candidate pool only,
io-github-chrischall-gogcli-mcp-classroom,io.github.chrischall/gogcli-mcp-classroom,reject,install; client_compat; health_signals,,6,computed; tool; verified,below adoption floor (stars<20 and downloads<100) — candidate pool only,
io-github-chrischall-gogcli-mcp,io.github.chrischall/gogcli-mcp,reject,install; client_compat; health_signals,,6,computed; tool; verified,below adoption floor (stars<20 and downloads<100) — candidate pool only,
io-github-juliusolsson05-workflow-mcp,io.github.Juliusolsson05/workflow-mcp,reject,install; client_compat; health_signals,,6,computed; tool; verified,below adoption floor (stars<20 and downloads<100) — candidate pool only,
ai-marchward-mcp-server,ai.marchward/mcp-server,reject,install; client_compat; health_signals,,6,computed; tool; verified,below adoption floor (stars<20 and downloads<100) — candidate pool only,
bot-myagi-openagent-registry,bot.myagi/openagent-registry,reject,install; remote_connection; client_compat,,6,computed; tool; verified,below adoption floor (stars<20 and downloads<100) — candidate pool only,
cat-2022-catalunya-2022,cat.2022/catalunya-2022,reject,install; remote_connection; client_compat,,6,computed; tool; verified,below adoption floor (stars<20 and downloads<100) — candidate pool only,
cc-operandi-operandi,cc.operandi/operandi,reject,install; configuration; api_key; client_compat,,6,computed; tool; verified,below adoption floor (stars<20 and downloads<100) — candidate pool only,
chat-mumo-mcp,chat.mumo/mcp,reject,install; remote_connection; client_compat,,6,computed; tool; verified,below adoption floor (stars<20 and downloads<100) — candidate pool only,
io-github-psyb0t-codexbox,io.github.psyb0t/codexbox,reject,install; api_key; docker; client_compat,,6,computed; tool; verified,below adoption floor (stars<20 and downloads<100) — candidate pool only,
io-github-hgus107-us-macro-mcp,io.github.hgus107/us-macro-mcp,reject,install; configuration; api_key; client_compat,,6,computed; tool; verified,below adoption floor (stars<20 and downloads<100) — candidate pool only,
io-github-lusrodri-render-useful-mcp,io.github.LuSrodri/render-useful-mcp,reject,install; configuration; api_key; client_compat,,6,computed; tool; verified,below adoption floor (stars<20 and downloads<100) — candidate pool only,
com-finalpos-build-final-flows,com.finalpos.build/final-flows,reject,install; remote_connection; client_compat,,6,computed; tool; verified,below adoption floor (stars<20 and downloads<100) — candidate pool only,
io-github-psyb0t-audiolla,io.github.psyb0t/audiolla,reject,install; api_key; docker; client_compat,,6,computed; tool; verified,below adoption floor (stars<20 and downloads<100) — candidate pool only,
io-github-psyb0t-telethon-plus,io.github.psyb0t/telethon-plus,reject,install; api_key; docker; client_compat,,6,computed; tool; verified,below adoption floor (stars<20 and downloads<100) — candidate pool only,
io-github-psyb0t-pibox,io.github.psyb0t/pibox,reject,install; api_key; docker; client_compat,,6,computed; tool; verified,below adoption floor (stars<20 and downloads<100) — candidate pool only,
io-github-havix0101-arkon-vault,io.github.Havix0101/arkon-vault,reject,install; remote_connection; client_compat,,6,computed; tool; verified,below adoption floor (stars<20 and downloads<100) — candidate pool only,
io-github-shigechika-aruba-central-mcp,io.github.shigechika/aruba-central-mcp,reject,install; configuration; api_key; client_compat,,6,computed; tool; verified,below adoption floor (stars<20 and downloads<100) — candidate pool only,
io-github-shigechika-gwsadm-mcp,io.github.shigechika/gwsadm-mcp,reject,install; configuration; api_key; client_compat,,6,computed; tool; verified,below adoption floor (stars<20 and downloads<100) — candidate pool only,
io-github-shigechika-boxadm-mcp,io.github.shigechika/boxadm-mcp,reject,install; configuration; api_key; client_compat,,6,computed; tool; verified,below adoption floor (stars<20 and downloads<100) — candidate pool only,
io-github-shigechika-zapi-mcp,io.github.shigechika/zapi-mcp,reject,install; configuration; api_key; client_compat,,6,computed; tool; verified,below adoption floor (stars<20 and downloads<100) — candidate pool only,
io-github-philpof102-svg-biii,io.github.philpof102-svg/biii,reject,install; remote_connection; client_compat,,6,computed; tool; verified,below adoption floor (stars<20 and downloads<100) — candidate pool only,
com-astranl-mcp,com.astranl/mcp,reject,install; remote_connection; client_compat,,6,computed; tool; verified,below adoption floor (stars<20 and downloads<100) — candidate pool only,
io-github-sourcey-startup-credits,io.github.sourcey/startup-credits,reject,install; remote_connection; client_compat,,6,computed; tool; verified,below adoption floor (stars<20 and downloads<100) — candidate pool only,
io-github-hyperdrift-io-deputy-workforce-mcp,io.github.hyperdrift-io/deputy-workforce-mcp,reject,install; configuration; api_key; client_compat,,6,computed; tool; verified,below adoption floor (stars<20 and downloads<100) — candidate pool only,
io-github-chrischall-sixflags-mcp,io.github.chrischall/sixflags-mcp,reject,install; configuration; api_key; client_compat,,6,computed; tool; verified,below adoption floor (stars<20 and downloads<100) — candidate pool only,
io-github-jdhart81-security-preflight,io.github.jdhart81/security-preflight,reject,install; remote_connection; client_compat,,6,computed; tool; verified,below adoption floor (stars<20 and downloads<100) — candidate pool only,
io-github-chrischall-groupon-mcp,io.github.chrischall/groupon-mcp,reject,install; configuration; api_key; client_compat,,6,computed; tool; verified,below adoption floor (stars<20 and downloads<100) — candidate pool only,
io-github-getjobzi-getjobzi-mcp,io.github.getjobzi/getjobzi-mcp,reject,install; remote_connection; client_compat,,6,computed; tool; verified,below adoption floor (stars<20 and downloads<100) — candidate pool only,
com-energyaisolution-solar-home-incentives,com.energyaisolution/solar-home-incentives,reject,install; remote_connection; client_compat,,6,computed; tool; verified,below adoption floor (stars<20 and downloads<100) — candidate pool only,
com-energyaisolution-energyai,com.energyaisolution/energyai,reject,install; remote_connection; client_compat,,6,computed; tool; verified,below adoption floor (stars<20 and downloads<100) — candidate pool only,
io-github-peteratpondo-kit-memory-demo,io.github.PeterAtPondo/kit-memory-demo,reject,install; remote_connection; client_compat,,6,computed; tool; verified,below adoption floor (stars<20 and downloads<100) — candidate pool only,
io-github-cabbageandtea-sqlguard,io.github.cabbageandtea/sqlguard,reject,install; remote_connection; client_compat,,6,computed; tool; verified,below adoption floor (stars<20 and downloads<100) — candidate pool only,
io-github-bitterdev-dropscan-mcp,io.github.bitterdev/dropscan-mcp,reject,install; configuration; api_key; client_compat,,6,computed; tool; verified,below adoption floor (stars<20 and downloads<100) — candidate pool only,
io-github-bitterdev-simple-support-system-mcp,io.github.bitterdev/simple-support-system-mcp,reject,install; configuration; api_key; client_compat,,6,computed; tool; verified,below adoption floor (stars<20 and downloads<100) — candidate pool only,
ai-arpi-arpi-mcp,ai.arpi/arpi-mcp,reject,install; remote_connection; client_compat,,6,computed; tool; verified,below adoption floor (stars<20 and downloads<100) — candidate pool only,
ai-autorfp-mcp,ai.autorfp/mcp,reject,install; remote_connection; client_compat,,6,computed; tool; verified,below adoption floor (stars<20 and downloads<100) — candidate pool only,
ai-basethread-basethread,ai.basethread/basethread,reject,install; remote_connection; client_compat,,6,computed; tool; verified,below adoption floor (stars<20 and downloads<100) — candidate pool only,
ai-betterpost-server,ai.betterpost/server,reject,install; remote_connection; client_compat,,6,computed; tool; verified,below adoption floor (stars<20 and downloads<100) — candidate pool only,
ai-bolthub-registry,ai.bolthub/registry,reject,install; client_compat; health_signals,,6,computed; tool; verified,below adoption floor (stars<20 and downloads<100) — candidate pool only,
ai-certscore-mcp-light,ai.certscore/mcp-light,reject,install; remote_connection; client_compat,,6,computed; tool; verified,below adoption floor (stars<20 and downloads<100) — candidate pool only,
ai-firmbrain-x402-services,ai.firmbrain/x402-services,reject,install; remote_connection; client_compat,,6,computed; tool; verified,below adoption floor (stars<20 and downloads<100) — candidate pool only,
ai-joinmultiplayer-gpu,ai.joinmultiplayer/gpu,reject,install; remote_connection; client_compat,,6,computed; tool; verified,below adoption floor (stars<20 and downloads<100) — candidate pool only,
ai-law-mcp-lawyer-search,ai.law.mcp/lawyer-search,reject,install; remote_connection; client_compat,,6,computed; tool; verified,below adoption floor (stars<20 and downloads<100) — candidate pool only,
ai-nexez-commerce,ai.nexez/commerce,reject,install; remote_connection; client_compat,,6,computed; tool; verified,below adoption floor (stars<20 and downloads<100) — candidate pool only,
ai-outset-mcp,ai.outset/mcp,reject,install; remote_connection; client_compat,,6,computed; tool; verified,below adoption floor (stars<20 and downloads<100) — candidate pool only,
ai-paperlantern-code,ai.paperlantern/code,reject,install; remote_connection; client_compat,,6,computed; tool; verified,below adoption floor (stars<20 and downloads<100) — candidate pool only,
ai-pyrimid-pyrimid,ai.pyrimid/pyrimid,reject,install; remote_connection; client_compat,,6,computed; tool; verified,below adoption floor (stars<20 and downloads<100) — candidate pool only,
ai-radixia-blog,ai.radixia/blog,reject,install; remote_connection; client_compat,,6,computed; tool; verified,below adoption floor (stars<20 and downloads<100) — candidate pool only,
ai-sentvia-mcp,ai.sentvia/mcp,reject,install; configuration; api_key; client_compat,,6,computed; tool; verified,below adoption floor (stars<20 and downloads<100) — candidate pool only,
ai-smithery-rfdez-pvpc-mcp-server,ai.smithery/rfdez-pvpc-mcp-server,reject,install; remote_connection; client_compat,,6,computed; tool; verified,below adoption floor (stars<20 and downloads<100) — candidate pool only,
ai-syntitan-syntitan-mcp,ai.syntitan/syntitan-mcp,reject,install; remote_connection; client_compat,,6,computed; tool; verified,below adoption floor (stars<20 and downloads<100) — candidate pool only,
ai-threadminder-threadminder,ai.threadminder/threadminder,reject,install; remote_connection; client_compat,,6,computed; tool; verified,below adoption floor (stars<20 and downloads<100) — candidate pool only,
ai-tunnelmind-scry,ai.tunnelmind/scry,reject,install; remote_connection; client_compat,,6,computed; tool; verified,lifecycle=deprecated (registry deletion can mean malware),
ai-tunnelmind-sigil,ai.tunnelmind/sigil,reject,install; remote_connection; client_compat,,6,computed; tool; verified,below adoption floor (stars<20 and downloads<100) — candidate pool only,
ai-vortexiq-vortex-iq,ai.vortexiq/vortex-iq,reject,install; remote_connection; client_compat,,6,computed; tool; verified,below adoption floor (stars<20 and downloads<100) — candidate pool only,
ai-zipquote-us-property-hazard-risk,ai.zipquote/us-property-hazard-risk,reject,install; remote_connection; client_compat,,6,computed; tool; verified,below adoption floor (stars<20 and downloads<100) — candidate pool only,
app-lucid-mcp-lucid,app.lucid.mcp/lucid,reject,install; remote_connection; client_compat,,6,computed; tool; verified,below adoption floor (stars<20 and downloads<100) — candidate pool only,
app-paichart-mcp-hub,app.paichart/mcp-hub,reject,install; remote_connection; client_compat,,6,computed; tool; verified,below adoption floor (stars<20 and downloads<100) — candidate pool only,
app-peil-peil-mcp,app.peil/peil-mcp,reject,install; configuration; api_key; client_compat,,6,computed; tool; verified,below adoption floor (stars<20 and downloads<100) — candidate pool only,
app-recao-recao-mcp,app.recao/recao-mcp,reject,install; remote_connection; client_compat,,6,computed; tool; verified,below adoption floor (stars<20 and downloads<100) — candidate pool only,
app-twiceshy-twiceshy,app.twiceshy/twiceshy,reject,install; remote_connection; client_compat,,6,computed; tool; verified,below adoption floor (stars<20 and downloads<100) — candidate pool only,
io-github-clouatre-labs-aptu-coder,io.github.clouatre-labs/aptu-coder,reject,install; configuration; health_signals,,5,computed; tool,below adoption floor (stars<20 and downloads<100) — candidate pool only,
io-github-chrischall-kiaaccess-mcp,io.github.chrischall/kiaaccess-mcp,reject,install; configuration; client_compat,,5,computed; tool; verified,below adoption floor (stars<20 and downloads<100) — candidate pool only,
io-github-shigechika-keycloak-mcp,io.github.shigechika/keycloak-mcp,reject,install; configuration; client_compat,,5,computed; tool; verified,below adoption floor (stars<20 and downloads<100) — candidate pool only,
io-github-egocen-vivideo-vivideo,io.github.egocen-vivideo/vivideo,reject,install; api_key; client_compat,,5,computed; tool; verified,below adoption floor (stars<20 and downloads<100) — candidate pool only,
io-github-almostjacked-health-mcp,io.github.almostjacked/health-mcp,reject,install; api_key; client_compat,,5,computed; tool; verified,below adoption floor (stars<20 and downloads<100) — candidate pool only,
io-github-chaoz23-charactercheck,io.github.chaoz23/charactercheck,reject,install; api_key; client_compat,,5,computed; tool; verified,below adoption floor (stars<20 and downloads<100) — candidate pool only,
io-github-gauthierpiarrette-datadiffer,io.github.gauthierpiarrette/datadiffer,reject,install; configuration; client_compat,,5,computed; tool; verified,below adoption floor (stars<20 and downloads<100) — candidate pool only,
io-github-fusionx212-fetch-price,io.github.fusionx212/fetch-price,reject,install; api_key; client_compat,,5,computed; tool; verified,below adoption floor (stars<20 and downloads<100) — candidate pool only,
io-github-bitterdev-pixelletter-mcp,io.github.bitterdev/pixelletter-mcp,reject,install; configuration; client_compat,,5,computed; tool; verified,below adoption floor (stars<20 and downloads<100) — candidate pool only,
io-github-bitterdev-pdf-letter-mcp,io.github.bitterdev/pdf-letter-mcp,reject,install; configuration; client_compat,,5,computed; tool; verified,below adoption floor (stars<20 and downloads<100) — candidate pool only,
ai-thrain-askhuman,ai.thrain/askhuman,reject,install; api_key; client_compat,,5,computed; tool; verified,below adoption floor (stars<20 and downloads<100) — candidate pool only,
dev-draugr-draugr,dev.draugr/draugr,reject,install; health_signals,,4,computed; tool,below adoption floor (stars<20 and downloads<100) — candidate pool only,
io-github-matrodrigs-shotcut-mcp,io.github.matrodrigs/shotcut-mcp,reject,install; health_signals,,4,computed; tool,below adoption floor (stars<20 and downloads<100) — candidate pool only,
bid-scope-healthcare,bid.scope/healthcare,reject,configuration; api_key; health_signals,,4,computed,below adoption floor (stars<20 and downloads<100) — candidate pool only,
bid-scope-pharma,bid.scope/pharma,reject,configuration; api_key; health_signals,,4,computed,below adoption floor (stars<20 and downloads<100) — candidate pool only,
ai-featureboard-featureboard,ai.featureboard/featureboard,reject,install; health_signals,,4,computed; tool,below adoption floor (stars<20 and downloads<100) — candidate pool only,
ar-com-consignatarias-cattle-market,ar.com.consignatarias/cattle-market,reject,install; remote_connection,,4,computed; tool,below adoption floor (stars<20 and downloads<100) — candidate pool only,
io-github-richardofortune-cadloop-slicer,io.github.richardofortune/cadloop-slicer,reject,install; client_compat,,4,computed; tool; verified,below adoption floor (stars<20 and downloads<100) — candidate pool only,
io-github-richardofortune-cadloop-openscad,io.github.richardofortune/cadloop-openscad,reject,install; client_compat,,4,computed; tool; verified,below adoption floor (stars<20 and downloads<100) — candidate pool only,
io-github-shigechika-eos-mcp,io.github.shigechika/eos-mcp,reject,install; client_compat,,4,computed; tool; verified,below adoption floor (stars<20 and downloads<100) — candidate pool only,
io-github-wimsuenens-gs1belu-mpm-download,io.github.WimSuenens/gs1belu-mpm-download,reject,install; client_compat,,4,computed; tool; verified,below adoption floor (stars<20 and downloads<100) — candidate pool only,
io-github-wimsuenens-gs1belu-mpm,io.github.WimSuenens/gs1belu-mpm,reject,install; client_compat,,4,computed; tool; verified,below adoption floor (stars<20 and downloads<100) — candidate pool only,
io-github-wimsuenens-gs1belu-mpm-upload,io.github.WimSuenens/gs1belu-mpm-upload,reject,install; client_compat,,4,computed; tool; verified,below adoption floor (stars<20 and downloads<100) — candidate pool only,
io-github-chaoz23-dmcheck,io.github.chaoz23/dmcheck,reject,install; client_compat,,4,computed; tool; verified,below adoption floor (stars<20 and downloads<100) — candidate pool only,
io-github-fabienfrfr-pbix-atlas,io.github.fabienfrfr/pbix-atlas,reject,install; client_compat,,4,computed; tool; verified,below adoption floor (stars<20 and downloads<100) — candidate pool only,
io-github-hs3434-sandbox-env-mcp,io.github.hs3434/sandbox-env-mcp,reject,install; client_compat,,4,computed; tool; verified,below adoption floor (stars<20 and downloads<100) — candidate pool only,
ai-thrain-blackout,ai.thrain/blackout,reject,install; client_compat,,4,computed; tool; verified,below adoption floor (stars<20 and downloads<100) — candidate pool only,
ai-zimac-mnema,ai.zimac/mnema,reject,install; configuration; api_key,,4,computed; tool,below adoption floor (stars<20 and downloads<100) — candidate pool only,
splunk-mcp,splunk-mcp,reject,api_key; health_signals,,3,computed,lifecycle=deprecated (registry deletion can mean malware),
io-github-andypgray-resharper-cli-mcp,io.github.andypgray/resharper-cli-mcp,reject,install; configuration,,3,computed; tool,below adoption floor (stars<20 and downloads<100) — candidate pool only,
io-github-ghostlygawd-engineering-board,io.github.GhostlyGawd/engineering-board,reject,install; configuration,,3,computed; tool,below adoption floor (stars<20 and downloads<100) — candidate pool only,
io-github-brazilayer-mcp,io.github.brazilayer/mcp,reject,install; configuration,,3,computed; tool,below adoption floor (stars<20 and downloads<100) — candidate pool only,
io-github-entityadam-comfyui-mcp,io.github.EntityAdam/comfyui-mcp,reject,install; configuration,,3,computed; tool,below adoption floor (stars<20 and downloads<100) — candidate pool only,
browserbase-mcp-server-browserbase,@browserbase/mcp-server-browserbase,reject,health_signals,,2,computed,lifecycle=deprecated (registry deletion can mean malware),
railway-mcp-server,railway-mcp-server,reject,health_signals,,2,computed,lifecycle=deprecated (registry deletion can mean malware),
linear-mcp,@linear/mcp,reject,editorial_assessment,,2,computed; editorial,below adoption floor (stars<20 and downloads<100) — candidate pool only,
io-github-orphograph-orphograph,io.github.Orphograph/orphograph,reject,install,,2,computed; tool,below adoption floor (stars<20 and downloads<100) — candidate pool only,
ai-gatetest-www-gatetest,ai.gatetest.www/gatetest,reject,api_key,,1,computed,below adoption floor (stars<20 and downloads<100) — candidate pool only,
